,Country,ISO,variable,value.GGExp,value.GGRev,value.GGExpCh,value.GGRevCh
1,Algeria,DZA,X2000,1178.122,1578.159,,
2,Angola,AGO,X2000,45.484,48.051,,
3,Azerbaijan,AZE,X2000,0.983,1.001,,
4,Bahrain,BHR,X2000,0.787,1.082,,
5,Bolivia,BOL,X2000,15.223,13.287,,
6,Botswana,BWA,X2000,11.536,14.119,,
7,Brunei Darussalam,BRN,X2000,4.298,5.084,,
8,Cameroon,CMR,X2000,1093.742,1209.65,,
9,Chad,TCD,X2000,203.2,135.43,,
10,Chile,CHL,X2000,9670.135,9377.651,,
11,Colombia,COL,X2000,55106.927,48982.811,,
12,"Congo, Republic of",COG,X2000,583.502,609.388,,
13,Dem. Rep. of Congo,COD,X2000,32.7,8.4,,
14,Ecuador,ECU,X2000,4.221,4.4,,
15,Equatorial Guinea,GNQ,X2000,186.337,164.389,,
16,Gabon,GAB,X2000,779.878,1207.598,,
17,Ghana,GHA,X2000,0.806,0.539,,
18,Guinea,GIN,X2000,893,719.8,,
19,Guyana,GUY,X2000,62.471,56.264,,
20,Indonesia,IDN,X2000,231311.551,203045.479,,
21,Iran,IRN,X2000,104703.7,147295.136,,
22,Iraq,IRQ,X2000,,,,
23,Kazakhstan,KAZ,X2000,,568.2,,
24,Kuwait,KWT,X2000,4.23,7.888,,
25,Libya,LBY,X2000,5.415,8.175,,
26,Malaysia,MYS,X2000,99.496,76.004,,
27,Mali,MLI,X2000,407.862,352.282,,
28,Mauritania,MRT,X2000,,63.803,,
29,Mexico,MEX,X2000,1351.317,1157.032,,
30,Mongolia,MNG,X2000,422.65,351.396,,
31,Myanmar,MMR,X2000,591.768,380.907,,
32,Namibia,NAM,X2000,8.233,7.964,,
33,Nigeria,NGA,X2000,1706.562,1986.949,,
34,Norway,NOR,X2000,629.453,858.713,,
35,Oman,OMN,X2000,2.672,3.713,,
36,Papua New Guinea,PNG,X2000,3.071,2.966,,
37,Peru,PER,X2000,38.224,34.503,,
38,Qatar,QAT,X2000,20.293,24.955,,
39,Russia,RUS,X2000,2399.176,2642.381,,
40,Saudi Arabia,SAU,X2000,251.513,295.236,,
41,Sierra Leone,SLE,X2000,317.597,257.534,,
42,Sudan,SDN,X2000,3.499,3.263,,
43,Suriname,SUR,X2000,0.486,0.298,,
44,Syrian Arab Republic,SYR,X2000,259.197,246.311,,
45,Tanzania,TZA,X2000,1220.177,1147.854,,
46,Timor Leste,TLS,X2000,0,0.006,,
47,Trinidad and Tobago ,TTO,X2000,13.576,13.722,,
48,Turkmenistan,TKM,X2000,1.259,1.232,,
49,United Arab Emirates,ARE,X2000,82.407,160.033,,
50,Uzbekistan,UZB,X2000,1272.667,1191.468,,
51,Venezuela,VEN,X2000,22.537,26.081,,
52,Vietnam,VNM,X2000,99751,90749,,
53,Yemen,YEM,X2000,493.826,588.689,,
54,Zambia,ZMB,X2000,2.398,2.528,,
217,Algeria,DZA,X2001,1321.028,1479.104,0.121299831,-0.062766172
218,Angola,AGO,X2001,82.661,90.32,0.817364348,0.879669518
219,Azerbaijan,AZE,X2001,0.992,0.992,0.009155646,-0.008991009
220,Bahrain,BHR,X2001,0.956,0.982,0.214739517,-0.092421442
221,Bolivia,BOL,X2001,17.189,13.52,0.129146686,0.017535937
222,Botswana,BWA,X2001,13.671,12.709,0.185072816,-0.09986543
223,Brunei Darussalam,BRN,X2001,3.945,4.232,-0.082131224,-0.167584579
224,Cameroon,CMR,X2001,1189.866,1240.5,0.087885443,0.025503245
225,Chad,TCD,X2001,220.5,155.48,0.085137795,0.148046962
226,Chile,CHL,X2001,10545.969,10321.365,0.090571021,0.10063437
227,Colombia,COL,X2001,62193.852,55644.643,0.128603161,0.136003465
228,"Congo, Republic of",COG,X2001,501.624,631.827,-0.140321713,0.036822189
229,Dem. Rep. of Congo,COD,X2001,115.3,67.6,,
230,Ecuador,ECU,X2001,4.91,5.194,0.163231462,0.180454545
231,Equatorial Guinea,GNQ,X2001,165.219,348,-0.113332296,1.116929965
232,Gabon,GAB,X2001,1023.987,1173.63,0.313009214,-0.028128566
233,Ghana,GHA,X2001,1.229,0.953,0.524813896,0.768089054
234,Guinea,GIN,X2001,1113.83,868.21,0.247290034,0.206182273
235,Guyana,GUY,X2001,67.665,57.22,0.083142578,0.016991327
236,Indonesia,IDN,X2001,349318.99,317746.293,0.51016665,0.564902083
237,Iran,IRN,X2001,125741.679,133391.592,0.200928706,-0.094392418
238,Iraq,IRQ,X2001,,,,
239,Kazakhstan,KAZ,X2001,,833.9,,0.467617036
240,Kuwait,KWT,X2001,4.594,7.661,0.086052009,-0.02877789
241,Libya,LBY,X2001,7.877,7.891,0.454662973,-0.034740061
242,Malaysia,MYS,X2001,108.379,91.633,0.089279971,0.205633914
243,Mali,MLI,X2001,465.943,394.851,0.142403558,0.120837851
244,Mauritania,MRT,X2001,,70.739,,0.108709622
245,Mexico,MEX,X2001,1438.197,1230.494,0.064292834,0.063491762
246,Mongolia,MNG,X2001,489.73,429.499,0.158712883,0.222264909
247,Myanmar,MMR,X2001,666.97,463.482,0.127080207,0.2167852
248,Namibia,NAM,X2001,9.456,8.772,0.148548524,0.101456554
249,Nigeria,NGA,X2001,2509.965,2247.884,0.470772817,0.131324458
250,Norway,NOR,X2001,679.078,887.734,0.078838293,0.033795925
251,Oman,OMN,X2001,2.841,3.486,0.063248503,-0.061136547
252,Papua New Guinea,PNG,X2001,3.457,3.087,0.125691957,0.040795684
253,Peru,PER,X2001,37.466,33.611,-0.019830473,-0.025852824
254,Qatar,QAT,X2001,20.504,22.755,0.010397674,-0.088158686
255,Russia,RUS,X2001,3015.076,3301.713,0.256713138,0.249521927
256,Saudi Arabia,SAU,X2001,271.859,293.837,0.080894427,-0.004738582
257,Sierra Leone,SLE,X2001,413.71,302.692,0.302625655,0.175347721
258,Sudan,SDN,X2001,4.011,3.7,0.146327522,0.133925835
259,Suriname,SUR,X2001,0.627,0.644,0.290123457,1.161073826
260,Syrian Arab Republic,SYR,X2001,282.736,306.017,0.090815094,0.242400867
261,Tanzania,TZA,X2001,1367.8,1322.038,0.120984906,0.151747522
262,Timor Leste,TLS,X2001,0,0.019,,2.166666667
263,Trinidad and Tobago ,TTO,X2001,16.176,15.258,0.191514437,0.111937035
264,Turkmenistan,TKM,X2001,1.521,1.573,0.208101668,0.276785714
265,United Arab Emirates,ARE,X2001,95.72,122.462,0.16155181,-0.234770329
266,Uzbekistan,UZB,X2001,1755.396,1687.944,0.379305034,0.416692685
267,Venezuela,VEN,X2001,28.373,24.287,0.258951946,-0.068785706
268,Vietnam,VNM,X2001,117285,103888,0.175777686,0.144783965
269,Yemen,YEM,X2001,506.761,553.084,0.026193437,-0.06048185
270,Zambia,ZMB,X2001,4.134,3.263,0.723936614,0.290743671
433,Algeria,DZA,X2002,1550.646,1603.284,0.173817663,0.083956233
434,Angola,AGO,X2002,207.753,190.836,1.513313413,1.112887511
435,Azerbaijan,AZE,X2002,1.678,1.655,0.691532258,0.668346774
436,Bahrain,BHR,X2002,1.15,1.027,0.20292887,0.045824847
437,Bolivia,BOL,X2002,18.871,13.89,0.097853278,0.027366864
438,Botswana,BWA,X2002,15.71,14.321,0.149147831,0.126839248
439,Brunei Darussalam,BRN,X2002,4.803,4.268,0.217490494,0.008506616
440,Cameroon,CMR,X2002,1191.663,1323.875,0.001510254,0.067210802
441,Chad,TCD,X2002,280.3,197.34,0.271201814,0.269230769
442,Chile,CHL,X2002,11264.236,10697.283,0.068108203,0.036421345
443,Colombia,COL,X2002,68437.998,60012.487,0.100398123,0.078495319
444,"Congo, Republic of",COG,X2002,582.535,575.414,0.161298104,-0.089285516
445,Dem. Rep. of Congo,COD,X2002,157.3,153.2,,1.265879708
446,Ecuador,ECU,X2002,6.114,6.33,0.245213849,0.218713901
447,Equatorial Guinea,GNQ,X2002,161.699,414.482,-0.021305056,0.19104023
448,Gabon,GAB,X2002,952.054,1089.899,-0.070247962,-0.071343609
449,Ghana,GHA,X2002,1.286,0.957,0.04637917,0.004197272
450,Guinea,GIN,X2002,1157.351,876.914,0.039073288,0.010025224
451,Guyana,GUY,X2002,68.532,61.358,0.012813123,0.072317372
452,Indonesia,IDN,X2002,335485.778,324027.804,-0.039600515,0.019768951
453,Iran,IRN,X2002,206265.07,211195.76,0.640387433,0.583276403
454,Iraq,IRQ,X2002,,,,
455,Kazakhstan,KAZ,X2002,775.163,847.815,,0.016686653
456,Kuwait,KWT,X2002,4.852,7.093,0.056160209,-0.074141757
457,Libya,LBY,X2002,10.973,12.85,0.393043037,0.62843746
458,Malaysia,MYS,X2002,113.29,96.763,0.045313206,0.055984198
459,Mali,MLI,X2002,540.579,456.692,0.160182683,0.156618573
460,Mauritania,MRT,X2002,,108.571,,0.534811066
461,Mexico,MEX,X2002,1583.758,1343.536,0.101210752,0.091867169
462,Mongolia,MNG,X2002,550.481,477.049,0.124049987,0.110710386
463,Myanmar,MMR,X2002,853.996,657.267,0.280411413,0.418106852
464,Namibia,NAM,X2002,10.658,10.092,0.127115059,0.150478796
465,Nigeria,NGA,X2002,2196.314,2348.447,-0.1249623,0.044736739
466,Norway,NOR,X2002,714.166,855.059,0.051670059,-0.036807197
467,Oman,OMN,X2002,3.028,3.499,0.065821894,0.003729203
468,Papua New Guinea,PNG,X2002,3.713,3.237,0.074052647,0.048590865
469,Peru,PER,X2002,37.282,34.619,-0.004911119,0.029990182
470,Qatar,QAT,X2002,22.799,29.453,0.11192938,0.294352889
471,Russia,RUS,X2002,3924.392,4002.442,0.301589744,0.212231954
472,Saudi Arabia,SAU,X2002,274.893,262.405,0.011160197,-0.106970872
473,Sierra Leone,SLE,X2002,526.843,400.027,0.27345967,0.321564495
474,Sudan,SDN,X2002,5.034,4.707,0.255048616,0.272162162
475,Suriname,SUR,X2002,0.841,0.654,0.341307815,0.01552795
476,Syrian Arab Republic,SYR,X2002,318.369,295.754,0.126029229,-0.033537353
477,Tanzania,TZA,X2002,1726.152,1633.982,0.261991519,0.235956909
478,Timor Leste,TLS,X2002,0.061,0.034,,0.789473684
479,Trinidad and Tobago ,TTO,X2002,14.885,13.03,-0.079809594,-0.146021759
480,Turkmenistan,TKM,X2002,1.633,1.649,0.073635766,0.048315321
481,United Arab Emirates,ARE,X2002,86.035,92.822,-0.101180527,-0.242034264
482,Uzbekistan,UZB,X2002,2784.878,2644.204,0.586467099,0.566523534
483,Venezuela,VEN,X2002,33.419,31.821,0.177845134,0.310207107
484,Vietnam,VNM,X2002,134334,121716,0.145363857,0.171607885
485,Yemen,YEM,X2002,578.104,567.672,0.140782341,0.02637574
486,Zambia,ZMB,X2002,5.086,4.256,0.230285438,0.304321177
649,Algeria,DZA,X2003,1691.354,1947.437,0.090741536,0.214655046
650,Angola,AGO,X2003,457.154,394.898,1.200468826,1.069305582
651,Azerbaijan,AZE,X2003,2.038,1.912,0.21454112,0.155287009
652,Bahrain,BHR,X2003,1.219,1.146,0.06,0.11587147
653,Bolivia,BOL,X2003,19.803,14.928,0.04938795,0.074730022
654,Botswana,BWA,X2003,16.276,16.191,0.036028008,0.130577474
655,Brunei Darussalam,BRN,X2003,3.91,4.93,-0.185925463,0.155107779
656,Cameroon,CMR,X2003,1219.119,1271,0.023040071,-0.039939571
657,Chad,TCD,X2003,348.1,247.36,0.241883696,0.253471167
658,Chile,CHL,X2003,11774.611,11554.822,0.045309331,0.080164187
659,Colombia,COL,X2003,75813.234,68490.104,0.107765221,0.141264217
660,"Congo, Republic of",COG,X2003,605.308,613.5,0.03909293,0.066188866
661,Dem. Rep. of Congo,COD,X2003,361.8,179.1,NA,0.169462978
662,Ecuador,ECU,X2003,6.587,6.91,0.077363428,0.091627172
663,Equatorial Guinea,GNQ,X2003,254.804,471.162,0.575792058,0.136749002
664,Gabon,GAB,X2003,802.44,1095.188,-0.157148649,0.004852743
665,Ghana,GHA,X2003,1.975,1.65,0.535769829,0.724137931
666,Guinea,GIN,X2003,1395.299,952.672,0.205597092,0.086391596
667,Guyana,GUY,X2003,72.539,57.692,0.058469036,-0.05974771
668,Indonesia,IDN,X2003,398067.721,374485.402,0.18654127,0.155719964
669,Iran,IRN,X2003,251732.394,266641.105,0.220431525,0.262530578
670,Iraq,IRQ,X2003,,,,
671,Kazakhstan,KAZ,X2003,984.892,1169.189,0.270561159,0.37906147
672,Kuwait,KWT,X2003,5.281,7.749,0.088417148,0.092485549
673,Libya,LBY,X2003,14.475,16.614,0.319146997,0.292918288
674,Malaysia,MYS,X2003,128.022,107.055,0.130037956,0.106362969
675,Mali,MLI,X2003,568.99,536.528,0.052556611,0.17481366
676,Mauritania,MRT,X2003,,119.684,,0.102356983
677,Mexico,MEX,X2003,1690.459,1512.707,0.067372035,0.12591475
678,Mongolia,MNG,X2003,615.753,553.888,0.118572666,0.161071504
679,Myanmar,MMR,X2003,1245.703,836.168,0.45867545,0.272189232
680,Namibia,NAM,X2003,11.697,9.933,0.097485457,-0.015755054
681,Nigeria,NGA,X2003,3086.757,2794.767,0.405426091,0.190048998
682,Norway,NOR,X2003,762.748,878.984,0.068026201,0.027980525
683,Oman,OMN,X2003,3.229,3.792,0.066380449,0.083738211
684,Papua New Guinea,PNG,X2003,3.811,3.664,0.026393752,0.131912264
685,Peru,PER,X2003,40.953,37.65,0.098465748,0.087553078
686,Qatar,QAT,X2003,25.212,30.718,0.105837975,0.042949784
687,Russia,RUS,X2003,4613.409,4804.48,0.17557293,0.200387164
688,Saudi Arabia,SAU,X2003,288.911,333.007,0.050994387,0.269057373
689,Sierra Leone,SLE,X2003,612.563,467.001,0.162705018,0.167423699
690,Sudan,SDN,X2003,6.991,7.419,0.388756456,0.576163161
691,Suriname,SUR,X2003,0.803,0.857,-0.045184304,0.310397554
692,Syrian Arab Republic,SYR,X2003,350.609,321.564,0.101266141,0.087268473
693,Tanzania,TZA,X2003,2258.862,1997.897,0.308611293,0.222716652
694,Timor Leste,TLS,X2003,0.07,0.043,0.147540984,0.264705882
695,Trinidad and Tobago ,TTO,X2003,16.739,17.923,0.124554921,0.375518035
696,Turkmenistan,TKM,X2003,2.299,2.741,0.407838334,0.662219527
697,United Arab Emirates,ARE,X2003,91.561,110.515,0.064229674,0.190612139
698,Uzbekistan,UZB,X2003,3266.18,3288.545,0.17282696,0.243680518
699,Venezuela,VEN,X2003,43.188,43.419,0.292318741,0.364476289
700,Vietnam,VNM,X2003,172885.6,152957,0.286983191,0.256671268
701,Yemen,YEM,X2003,763.054,672.293,0.319925135,0.184298327
702,Zambia,ZMB,X2003,6.337,5.104,0.245969328,0.19924812
865,Algeria,DZA,X2004,1891.769,2215.165,0.118493822,0.137477105
866,Angola,AGO,X2004,586.399,609.686,0.282716546,0.543907541
867,Azerbaijan,AZE,X2004,2.206,2.288,0.082433759,0.19665272
868,Bahrain,BHR,X2004,1.288,1.301,0.056603774,0.135253054
869,Bolivia,BOL,X2004,22.52,18.661,0.137201434,0.250066988
870,Botswana,BWA,X2004,17.383,17.958,0.068014254,0.109134704
871,Brunei Darussalam,BRN,X2004,4.888,6.151,0.250127877,0.247667343
872,Cameroon,CMR,X2004,1331.171,1285.921,0.091912274,0.011739575
873,Chad,TCD,X2004,336.778,273.778,-0.032525136,0.106799806
874,Chile,CHL,X2004,12605.227,13843.659,0.070542967,0.198085007
875,Colombia,COL,X2004,81313.885,77422.845,0.072555288,0.13042382
876,"Congo, Republic of",COG,X2004,656.31,745.8,0.084257931,0.215647922
877,Dem. Rep. of Congo,COD,X2004,359.5,288.7,NA,0.611451635
878,Ecuador,ECU,X2004,7.47,8.177,0.13405192,0.183357453
879,Equatorial Guinea,GNQ,X2004,484.924,773.525,0.90312554,0.641738935
880,Gabon,GAB,X2004,855.32,1141.846,0.065899008,0.042602731
881,Ghana,GHA,X2004,2.69,2.294,0.362025316,0.39030303
882,Guinea,GIN,X2004,1464.15,1027.373,0.049344979,0.078412087
883,Guyana,GUY,X2004,77.728,68.268,0.071533933,0.183318311
884,Indonesia,IDN,X2004,445297.685,438800.21,0.118648063,0.171741829
885,Iran,IRN,X2004,297493.48,352606.235,0.181784653,0.322400142
886,Iraq,IRQ,X2004,48683.837,29839.493,,
887,Kazakhstan,KAZ,X2004,1289.822,1441.123,0.309607551,0.23258344
888,Kuwait,KWT,X2004,5.991,9.882,0.134444234,0.275261324
889,Libya,LBY,X2004,18.245,23.272,0.26044905,0.400746358
890,Malaysia,MYS,X2004,133.642,116.329,0.043898705,0.086628369
891,Mali,MLI,X2004,625.835,557.96,0.099905095,0.039945725
892,Mauritania,MRT,X2004,149.569,130.414,,0.089652752
893,Mexico,MEX,X2004,1826.364,1717.979,0.080395325,0.135698453
894,Mongolia,MNG,X2004,752.475,713.113,0.222040331,0.287467864
895,Myanmar,MMR,X2004,1480.696,1062.935,0.188642879,0.271197893
896,Namibia,NAM,X2004,12.22,10.979,0.044712319,0.105305547
897,Nigeria,NGA,X2004,3176.666,4127.32,0.029127333,0.476802896
898,Norway,NOR,X2004,786.945,981.076,0.031723453,0.116147734
899,Oman,OMN,X2004,3.718,4.311,0.151440074,0.136867089
900,Papua New Guinea,PNG,X2004,4.106,4.315,0.077407505,0.177674672
901,Peru,PER,X2004,44.141,41.81,0.077845335,0.110491368
902,Qatar,QAT,X2004,36.103,55.725,0.431976836,0.814082948
903,Russia,RUS,X2004,5405.393,6240.008,0.171670017,0.298789463
904,Saudi Arabia,SAU,X2004,338.895,455.814,0.173008297,0.368782038
905,Sierra Leone,SLE,X2004,708.971,616.343,0.157384628,0.319789465
906,Sudan,SDN,X2004,11.347,11.471,0.623086826,0.546165251
907,Suriname,SUR,X2004,1.127,1.072,0.403486924,0.250875146
908,Syrian Arab Republic,SYR,X2004,396.904,343.923,0.132041676,0.069532037
909,Tanzania,TZA,X2004,2888.269,2475.326,0.278638978,0.238965773
910,Timor Leste,TLS,X2004,0.07,0.178,0,3.139534884
911,Trinidad and Tobago ,TTO,X2004,20.947,22.381,0.251388972,0.248730681
912,Turkmenistan,TKM,X2004,2.788,2.991,0.212701174,0.091207588
913,United Arab Emirates,ARE,X2004,96.131,143.565,0.04991208,0.299054427
914,Uzbekistan,UZB,X2004,3870.941,3944.687,0.185158503,0.199523497
915,Venezuela,VEN,X2004,67.877,73.131,0.571663425,0.684308713
916,Vietnam,VNM,X2004,192373,190889,0.112718468,0.247991266
917,Yemen,YEM,X2004,875.742,820.564,0.147680243,0.220545209
918,Zambia,ZMB,X2004,6.919,6.173,0.091841565,0.209443574
1081,Algeria,DZA,X2005,2052.037,3082.674,0.084718589,0.391622746
1082,Angola,AGO,X2005,854.785,1085.844,0.457684955,0.780988902
1083,Azerbaijan,AZE,X2005,2.839,3.143,0.286944696,0.373688811
1084,Bahrain,BHR,X2005,1.497,1.671,0.162267081,0.284396618
1085,Bolivia,BOL,X2005,25.558,23.829,0.134902309,0.276941214
1086,Botswana,BWA,X2005,17.632,23.008,0.01432434,0.281211716
1087,Brunei Darussalam,BRN,X2005,5.107,7.964,0.044803601,0.294748821
1088,Cameroon,CMR,X2005,1278.296,1589.928,-0.039720667,0.236411879
1089,Chad,TCD,X2005,404.946,402.537,0.202412272,0.470304407
1090,Chile,CHL,X2005,13930.21,17057.851,0.105113775,0.232177923
1091,Colombia,COL,X2005,87471.638,87424.868,0.075728186,0.129186973
1092,"Congo, Republic of",COG,X2005,775.762,1245.7,0.182005455,0.67028694
1093,Dem. Rep. of Congo,COD,X2005,621.8,606.9,NA,1.102553444
1094,Ecuador,ECU,X2005,8.88,9.146,0.18875502,0.118503119
1095,Equatorial Guinea,GNQ,X2005,609.587,1410.189,0.257077398,0.823068421
1096,Gabon,GAB,X2005,1036.152,1434.159,0.211420287,0.256000371
1097,Ghana,GHA,X2005,3.081,2.633,0.14535316,0.147776809
1098,Guinea,GIN,X2005,1807.88,1631.48,0.234764198,0.588011365
1099,Guyana,GUY,X2005,97.083,74.707,0.249009366,0.094319447
1100,Indonesia,IDN,X2005,526114.278,538894.002,0.181488913,0.228107894
1101,Iran,IRN,X2005,450083.998,504380.263,0.512920545,0.430434896
1102,Iraq,IRQ,X2005,46477.127,49468.975,-0.045327364,0.657835641
1103,Kazakhstan,KAZ,X2005,1679.883,2131.724,0.302414597,0.47921031
1104,Kuwait,KWT,X2005,6.635,16.852,0.107494575,0.705322809
1105,Libya,LBY,X2005,17.994,37.413,-0.013757194,0.607640083
1106,Malaysia,MYS,X2005,139.711,123.578,0.04541237,0.062314642
1107,Mali,MLI,X2005,712.656,621.605,0.138728259,0.114067317
1108,Mauritania,MRT,X2005,166.25,141.624,0.111527121,0.085957029
1109,Mexico,MEX,X2005,2048.766,1932.63,0.121773097,0.124943902
1110,Mongolia,MNG,X2005,764.597,837.858,0.016109505,0.1749302
1111,Myanmar,MMR,X2005,2064.628,1669.538,0.394363191,0.570686825
1112,Namibia,NAM,X2005,12.906,12.653,0.05613748,0.152472903
1113,Nigeria,NGA,X2005,4255.701,5348.64,0.339675307,0.295911148
1114,Norway,NOR,X2005,815.523,1111.134,0.036315117,0.132566692
1115,Oman,OMN,X2005,4.181,5.712,0.124529317,0.324982603
1116,Papua New Guinea,PNG,X2005,4.898,5.307,0.192888456,0.229895713
1117,Peru,PER,X2005,49.857,48.791,0.129494121,0.166969624
1118,Qatar,QAT,X2005,50.768,66.622,0.406198931,0.195549574
1119,Russia,RUS,X2005,6820.645,8579.637,0.261822221,0.374940064
1120,Saudi Arabia,SAU,X2005,375.388,637.853,0.10768232,0.399371235
1121,Sierra Leone,SLE,X2005,860.246,767.853,0.21337262,0.245820915
1122,Sudan,SDN,X2005,16.927,15.331,0.491759937,0.336500741
1123,Suriname,SUR,X2005,1.331,1.271,0.181011535,0.185634328
1124,Syrian Arab Republic,SYR,X2005,424.456,358.047,0.06941729,0.041067332
1125,Tanzania,TZA,X2005,3550.653,2915.485,0.229335979,0.177818598
1126,Timor Leste,TLS,X2005,0.094,0.214,0.342857143,0.202247191
1127,Trinidad and Tobago ,TTO,X2005,26.56,30.436,0.267961999,0.35990349
1128,Turkmenistan,TKM,X2005,3.513,3.657,0.260043042,0.222668004
1129,United Arab Emirates,ARE,X2005,104.431,238.715,0.086340515,0.662765994
1130,Uzbekistan,UZB,X2005,4701.039,4900.016,0.214443465,0.242181192
1131,Venezuela,VEN,X2005,101.961,114.413,0.502143583,0.564493853
1132,Vietnam,VNM,X2005,239364,228288.32,0.244270246,0.195921818
1133,Yemen,YEM,X2005,1179.739,1121.288,0.347130776,0.366484516
1134,Zambia,ZMB,X2005,8.35,7.467,0.206821795,0.20962255
1297,Algeria,DZA,X2006,2454.387,3639.91,0.196073463,0.180763843
1298,Angola,AGO,X2006,1288.353,1685.031,0.507224624,0.551816836
1299,Azerbaijan,AZE,X2006,5.037,5.253,0.774216273,0.671333121
1300,Bahrain,BHR,X2006,1.678,1.841,0.120908484,0.101735488
1301,Bolivia,BOL,X2006,27.372,31.473,0.07097582,0.320785597
1302,Botswana,BWA,X2006,19.737,27.657,0.119385209,0.202060153
1303,Brunei Darussalam,BRN,X2006,5.613,9.644,0.099079695,0.210949272
1304,Cameroon,CMR,X2006,1365.968,4448.106,0.068585054,1.797677631
1305,Chad,TCD,X2006,542.28,628.676,0.339141515,0.561784383
1306,Chile,CHL,X2006,15348.976,21459.883,0.101848142,0.258064864
1307,Colombia,COL,X2006,108552.222,104744.622,0.240999077,0.198110153
1308,"Congo, Republic of",COG,X2006,1123.053,1796,0.447677252,0.441759653
1309,Dem. Rep. of Congo,COD,X2006,664.7,789,NA,0.29997265
1310,Ecuador,ECU,X2006,9.928,11.263,0.118018018,0.231467308
1311,Equatorial Guinea,GNQ,X2006,954.248,2103.73,0.565400837,0.491807127
1312,Gabon,GAB,X2006,1122.143,1582.572,0.08299072,0.103484342
1313,Ghana,GHA,X2006,4.072,3.192,0.321648815,0.212305355
1314,Guinea,GIN,X2006,2871.41,2397.75,0.588274664,0.469677839
1315,Guyana,GUY,X2006,110.215,86.793,0.1352657,0.161778682
1316,Indonesia,IDN,X2006,671708.925,685237.413,0.276735784,0.271562516
1317,Iran,IRN,X2006,564866.156,611469.02,0.255023859,0.212317501
1318,Iraq,IRQ,X2006,48108.374,58346.614,0.035097845,0.179458721
1319,Kazakhstan,KAZ,X2006,2022.2,2803.917,0.20377431,0.315328345
1320,Kuwait,KWT,X2006,9.405,18.804,0.417483044,0.115831949
1321,Libya,LBY,X2006,22.493,45.457,0.250027787,0.215005479
1322,Malaysia,MYS,X2006,159.865,143.601,0.144254926,0.162027222
1323,Mali,MLI,X2006,796.302,1798.667,0.117372196,1.893585155
1324,Mauritania,MRT,X2006,199.986,221.564,0.202923308,0.564452353
1325,Mexico,MEX,X2006,2408.422,2305.82,0.175547622,0.193099559
1326,Mongolia,MNG,X2006,1054.924,1360.41,0.37971245,0.623676088
1327,Myanmar,MMR,X2006,3187.294,2484.9,0.543761879,0.488375826
1328,Namibia,NAM,X2006,14.285,15.938,0.106849527,0.259622224
1329,Nigeria,NGA,X2006,3548.71,6040.813,-0.166127978,0.129411028
1330,Norway,NOR,X2006,871.42,1270.904,0.068541292,0.143790038
1331,Oman,OMN,X2006,4.92,6.922,0.176751973,0.211834734
1332,Papua New Guinea,PNG,X2006,5.184,6.288,0.05839118,0.184850198
1333,Peru,PER,X2006,54.864,60.673,0.100427222,0.24352852
1334,Qatar,QAT,X2006,67.147,87.363,0.322624488,0.311323587
1335,Russia,RUS,X2006,8375.228,10625.812,0.227923166,0.238492025
1336,Saudi Arabia,SAU,X2006,413.734,757.73,0.102150308,0.187938287
1337,Sierra Leone,SLE,X2006,928.861,842.194,0.079762068,0.096816708
1338,Sudan,SDN,X2006,18.502,17.451,0.093046612,0.138281912
1339,Suriname,SUR,X2006,1.444,1.52,0.084898573,0.195908733
1340,Syrian Arab Republic,SYR,X2006,454.638,435.294,0.071107488,0.215745419
1341,Tanzania,TZA,X2006,4164.081,3364.107,0.172764841,0.153875599
1342,Timor Leste,TLS,X2006,0.115,0.678,0.223404255,2.168224299
1343,Trinidad and Tobago ,TTO,X2006,36.033,42.888,0.356664157,0.409120778
1344,Turkmenistan,TKM,X2006,3.326,4.495,-0.053230857,0.229149576
1345,United Arab Emirates,ARE,X2006,127.475,333.814,0.220662447,0.39837882
1346,Uzbekistan,UZB,X2006,6025.154,7139.908,0.28166433,0.457119324
1347,Venezuela,VEN,X2006,154.681,148.36,0.517060445,0.296705794
1348,Vietnam,VNM,X2006,276774,279472,0.156289166,0.224206302
1349,Yemen,YEM,X2006,1405.078,1449.679,0.191007503,0.29286945
1350,Zambia,ZMB,X2006,9.051,16.825,0.083952096,1.253247623
1513,Algeria,DZA,X2007,3114.242,3687.85,0.26884717,0.013170655
1514,Angola,AGO,X2007,1908.842,2124.712,0.481614123,0.260933478
1515,Azerbaijan,AZE,X2007,7.356,8.007,0.460393091,0.524271845
1516,Bahrain,BHR,X2007,1.908,2.038,0.137067938,0.107007061
1517,Bolivia,BOL,X2007,33.635,35.428,0.228810463,0.125663267
1518,Botswana,BWA,X2007,24.822,28.645,0.257637939,0.035723325
1519,Brunei Darussalam,BRN,X2007,5.998,6.632,0.068590771,-0.31231854
1520,Cameroon,CMR,X2007,1528.323,1985.483,0.118857104,-0.553634064
1521,Chad,TCD,X2007,709.295,814.26,0.307986649,0.295198162
1522,Chile,CHL,X2007,17509.243,24677.878,0.140743396,0.149953986
1523,Colombia,COL,X2007,120816.16,117164.066,0.11297731,0.118568799
1524,"Congo, Republic of",COG,X2007,1201.487,1579.249,0.069839981,-0.120685412
1525,Dem. Rep. of Congo,COD,X2007,898,881.2,NA,0.116823911
1526,Ecuador,ECU,X2007,12.554,13.451,0.264504432,0.194264406
1527,Equatorial Guinea,GNQ,X2007,1233.481,2308.526,0.292620996,0.097348994
1528,Gabon,GAB,X2007,1155.853,1636.499,0.030040735,0.034075543
1529,Ghana,GHA,X2007,5.299,4.052,0.30132613,0.269423559
1530,Guinea,GIN,X2007,2287.2,2620.29,-0.203457535,0.092812011
1531,Guyana,GUY,X2007,114.641,99.586,0.040157873,0.147396679
1532,Indonesia,IDN,X2007,804822.771,764121.451,0.198171918,0.115119281
1533,Iran,IRN,X2007,617566.698,828611.023,0.093297397,0.355115298
1534,Iraq,IRQ,X2007,51406.137,60137.179,0.068548627,0.030688413
1535,Kazakhstan,KAZ,X2007,3045.952,3705.752,0.506256552,0.321633986
1536,Kuwait,KWT,X2007,9.809,21.989,0.042955875,0.169378856
1537,Libya,LBY,X2007,28.727,53.091,0.277152892,0.167938931
1538,Malaysia,MYS,X2007,180.421,162.504,0.128583492,0.131635574
1539,Mali,MLI,X2007,838.95,730.254,0.05355757,-0.59400267
1540,Mauritania,MRT,X2007,220.941,205.41,0.104782335,-0.072908956
1541,Mexico,MEX,X2007,2657.724,2525.809,0.10351259,0.095405973
1542,Mongolia,MNG,X2007,1749.701,1880.489,0.658603843,0.382295778
1543,Myanmar,MMR,X2007,4177.072,3301.006,0.310538658,0.328426094
1544,Namibia,NAM,X2007,15.926,19.728,0.114875744,0.237796461
1545,Nigeria,NGA,X2007,5966.347,5615.145,0.681272068,-0.07046535
1546,Norway,NOR,X2007,927.514,1326.63,0.064370797,0.043847529
1547,Oman,OMN,X2007,5.706,7.654,0.159756098,0.105749783
1548,Papua New Guinea,PNG,X2007,5.325,7.008,0.027199074,0.114503817
1549,Peru,PER,X2007,59.441,70.145,0.083424468,0.15611557
1550,Qatar,QAT,X2007,86.249,119.827,0.284480319,0.371598961
1551,Russia,RUS,X2007,11378.578,13368.262,0.358599193,0.258093217
1552,Saudi Arabia,SAU,X2007,492.077,726.487,0.189355963,-0.041232365
1553,Sierra Leone,SLE,X2007,834.713,2129.282,-0.101358546,1.52825596
1554,Sudan,SDN,X2007,23.468,20.242,0.268403416,0.159933528
1555,Suriname,SUR,X2007,1.714,1.891,0.186980609,0.244078947
1556,Syrian Arab Republic,SYR,X2007,519.435,459.069,0.142524382,0.054618258
1557,Tanzania,TZA,X2007,4846.196,4453.943,0.163809253,0.323959969
1558,Timor Leste,TLS,X2007,0.251,1.362,1.182608696,1.008849558
1559,Trinidad and Tobago ,TTO,X2007,38.963,43.768,0.081314351,0.02051856
1560,Turkmenistan,TKM,X2007,3.629,4.684,0.091100421,0.042046719
1561,United Arab Emirates,ARE,X2007,167.224,373.722,0.311818004,0.119551607
1562,Uzbekistan,UZB,X2007,8571.106,10030.299,0.422553847,0.404821883
1563,Venezuela,VEN,X2007,177.803,163.878,0.149481837,0.104596926
1564,Vietnam,VNM,X2007,350479.079,325437.9,0.266300588,0.16447408
1565,Yemen,YEM,X2007,1738.512,1429.017,0.237306399,-0.01425281
1566,Zambia,ZMB,X2007,11.209,10.626,0.238426693,-0.368439822
1729,Algeria,DZA,X2008,4190.663,5190.617,0.345644622,0.407491357
1730,Angola,AGO,X2008,3498.789,3217.433,0.83293798,0.514291349
1731,Azerbaijan,AZE,X2008,11.829,19.426,0.608075041,1.426127139
1732,Bahrain,BHR,X2008,2.286,2.698,0.198113208,0.323846909
1733,Bolivia,BOL,X2008,42.645,46.953,0.267875725,0.325307666
1734,Botswana,BWA,X2008,35.15,29.556,0.416082507,0.031803107
1735,Brunei Darussalam,BRN,X2008,6.146,14.306,0.024674892,1.157117008
1736,Cameroon,CMR,X2008,1980.992,2214.088,0.296186735,0.115138231
1737,Chad,TCD,X2008,874.409,1042.561,0.232786076,0.280378503
1738,Chile,CHL,X2008,20364.623,24241.035,0.163078438,-0.017701806
1739,Colombia,COL,X2008,127887.564,126673.508,0.058530283,0.081163469
1740,"Congo, Republic of",COG,X2008,1255.619,2497.256,0.04505417,0.581293387
1741,Dem. Rep. of Congo,COD,X2008,1358.8,1238.9,NA,0.405948594
1742,Ecuador,ECU,X2008,21.762,22.062,0.733471404,0.640175452
1743,Equatorial Guinea,GNQ,X2008,1759.331,3051.786,0.426313822,0.321963019
1744,Gabon,GAB,X2008,1314.592,2078.129,0.137334938,0.269862676
1745,Ghana,GHA,X2008,7.361,4.813,0.389130025,0.18780849
1746,Guinea,GIN,X2008,3231.882,3351.789,0.413029906,0.279167191
1747,Guyana,GUY,X2008,120.815,105.437,0.053855078,0.058753238
1748,Indonesia,IDN,X2008,1050154.508,1053084.642,0.304827033,0.378163956
1749,Iran,IRN,X2008,828825.507,851710.199,0.342082579,0.027876984
1750,Iraq,IRQ,X2008,89904.108,88560.647,0.748898347,0.472643853
1751,Kazakhstan,KAZ,X2008,4345.252,4542.243,0.426566144,0.225727734
1752,Kuwait,KWT,X2008,16.009,23.994,0.632072586,0.091181955
1753,Libya,LBY,X2008,43.534,72.897,0.515438438,0.37305758
1754,Malaysia,MYS,X2008,217.105,189.645,0.203324447,0.167017427
1755,Mali,MLI,X2008,828.24,741.5,-0.012765957,0.015400121
1756,Mauritania,MRT,X2008,245.739,204.551,0.112238109,-0.00418188
1757,Mexico,MEX,X2008,3178.805,3059.643,0.196062872,0.21135169
1758,Mongolia,MNG,X2008,2466.774,2170.37,0.409826022,0.154151925
1759,Myanmar,MMR,X2008,4451.548,3677.36,0.065710143,0.11401191
1760,Namibia,NAM,X2008,19.67,22.753,0.235087279,0.153335361
1761,Nigeria,NGA,X2008,5628.537,7861.634,-0.056619235,0.400076757
1762,Norway,NOR,X2008,1014.692,1495.59,0.093991034,0.127360304
1763,Oman,OMN,X2008,6.867,10.801,0.203470032,0.411157565
1764,Papua New Guinea,PNG,X2008,6.498,7.041,0.22028169,0.004708904
1765,Peru,PER,X2008,69.594,79.138,0.170808028,0.128205859
1766,Qatar,QAT,X2008,99.958,143.736,0.15894677,0.199529321
1767,Russia,RUS,X2008,14157.027,16169.099,0.244182445,0.209513922
1768,Saudi Arabia,SAU,X2008,564.657,1179.701,0.147497241,0.623843235
1769,Sierra Leone,SLE,X2008,1207.332,948.41,0.446403734,-0.554586945
1770,Sudan,SDN,X2008,26.733,27.378,0.139125618,0.352534335
1771,Suriname,SUR,X2008,2.156,2.311,0.257876313,0.222104707
1772,Syrian Arab Republic,SYR,X2008,561.327,491.205,0.080649167,0.070002549
1773,Tanzania,TZA,X2008,6062.281,5424.305,0.250935992,0.217865833
1774,Timor Leste,TLS,X2008,0.57,2.561,1.270916335,0.880323054
1775,Trinidad and Tobago ,TTO,X2008,51.083,64.388,0.311064343,0.471120453
1776,Turkmenistan,TKM,X2008,5.375,10.323,0.481124277,1.203885568
1777,United Arab Emirates,ARE,X2008,254.308,486.951,0.52076257,0.302976544
1778,Uzbekistan,UZB,X2008,11517.762,15357.337,0.343789471,0.531094636
1779,Venezuela,VEN,X2008,236.341,212.889,0.329229541,0.29907004
1780,Vietnam,VNM,X2008,437416,429523,0.24805167,0.319830911
1781,Yemen,YEM,X2008,2217.365,1973.749,0.275438421,0.381193506
1782,Zambia,ZMB,X2008,13.054,12.606,0.164599875,0.186335404
1945,Algeria,DZA,X2009,4220.957,3676.062,0.007228928,-0.291787084
1946,Angola,AGO,X2009,2510.197,2069.733,-0.28255262,-0.356712945
1947,Azerbaijan,AZE,X2009,12.028,14.368,0.016823062,-0.260372696
1948,Bahrain,BHR,X2009,2.211,1.729,-0.032808399,-0.35915493
1949,Bolivia,BOL,X2009,43.602,43.619,0.022441083,-0.071007177
1950,Botswana,BWA,X2009,39.49,29.024,0.123470839,-0.017999729
1951,Brunei Darussalam,BRN,X2009,6.038,6.636,-0.017572405,-0.536138683
1952,Cameroon,CMR,X2009,1931.276,1925.928,-0.025096517,-0.130148395
1953,Chad,TCD,X2009,1057.776,655.001,0.209703926,-0.37173844
1954,Chile,CHL,X2009,23797.395,19858.865,0.168565458,-0.180774872
1955,Colombia,COL,X2009,148980.258,134879.209,0.164931549,0.064778351
1956,"Congo, Republic of",COG,X2009,1117.279,1334.761,-0.110176734,-0.465508943
1957,Dem. Rep. of Congo,COD,X2009,2055.6,2240.5,NA,0.808485444
1958,Ecuador,ECU,X2009,20.61,18.378,-0.052936311,-0.166983954
1959,Equatorial Guinea,GNQ,X2009,2827.522,2368.087,0.607157493,-0.224032419
1960,Gabon,GAB,X2009,1296.716,1685.163,-0.013598135,-0.189096057
1961,Ghana,GHA,X2009,8.582,6.017,0.165874202,0.250155828
1962,Guinea,GIN,X2009,5240.25,3662.49,0.621423678,0.092697064
1963,Guyana,GUY,X2009,134.188,118.887,0.110689898,0.127564328
1964,Indonesia,IDN,X2009,1023520.332,924686.395,-0.02536215,-0.121925857
1965,Iran,IRN,X2009,810201.928,842755.227,-0.022469843,-0.010514107
1966,Iraq,IRQ,X2009,76920.414,60330.969,-0.144417138,-0.318760973
1967,Kazakhstan,KAZ,X2009,3991.72,3765.851,-0.081360529,-0.170927007
1968,Kuwait,KWT,X2009,12.868,21.161,-0.196202136,-0.118071184
1969,Libya,LBY,X2009,45.947,41.786,0.055427941,-0.426780252
1970,Malaysia,MYS,X2009,230.643,182.64,0.062356924,-0.036937436
1971,Mali,MLI,X2009,1097.792,918.936,0.32545156,0.239293324
1972,Mauritania,MRT,X2009,227.982,198.434,-0.072259592,-0.029904523
1973,Mexico,MEX,X2009,3283.374,2668.803,0.032895695,-0.127740393
1974,Mongolia,MNG,X2009,2336.63,1993.996,-0.052758785,-0.081264485
1975,Myanmar,MMR,X2009,5462.956,3740.035,0.22720366,0.017043477
1976,Namibia,NAM,X2009,23.976,23.874,0.218912049,0.049268228
1977,Nigeria,NGA,X2009,6848.463,4474.352,0.216739448,-0.430862337
1978,Norway,NOR,X2009,1094.505,1345.376,0.078657366,-0.100437954
1979,Oman,OMN,X2009,7.116,7.058,0.036260376,-0.346541987
1980,Papua New Guinea,PNG,X2009,8.238,6.097,0.2677747,-0.134071865
1981,Peru,PER,X2009,78.171,72.146,0.123243383,-0.088351993
1982,Qatar,QAT,X2009,122.626,181.597,0.226775246,0.263406523
1983,Russia,RUS,X2009,16048.336,13599.718,0.133595069,-0.158906875
1984,Saudi Arabia,SAU,X2009,644.444,578.569,0.141301711,-0.509563016
1985,Sierra Leone,SLE,X2009,1451.956,1257.997,0.202615354,0.326427389
1986,Sudan,SDN,X2009,25.198,18.986,-0.057419669,-0.306523486
1987,Suriname,SUR,X2009,2.945,2.693,0.365955473,0.165296408
1988,Syrian Arab Republic,SYR,X2009,674.079,601.185,0.200866874,0.223898372
1989,Tanzania,TZA,X2009,7609.59,5918.763,0.255235447,0.09115601
1990,Timor Leste,TLS,X2009,0.604,1.763,0.059649123,-0.311597032
1991,Trinidad and Tobago ,TTO,X2009,53.737,41.517,0.051954662,-0.355205939
1992,Turkmenistan,TKM,X2009,7.723,11.768,0.436837209,0.139978688
1993,United Arab Emirates,ARE,X2009,325.875,286.053,0.281418595,-0.412563071
1994,Uzbekistan,UZB,X2009,16646.77,18009.672,0.4453129,0.172708003
1995,Venezuela,VEN,X2009,235.303,173.87,-0.004391959,-0.183283307
1996,Vietnam,VNM,X2009,571807.09,462877.9,0.307238624,0.077655679
1997,Yemen,YEM,X2009,1795.112,1274.598,-0.190430083,-0.354224879
1998,Zambia,ZMB,X2009,13.773,12.182,0.055078903,-0.033634777
2161,Algeria,DZA,X2010,4439.854,4393.344,0.051859566,0.195122389
2162,Angola,AGO,X2010,3034.026,3295.49,0.208680434,0.592229529
2163,Azerbaijan,AZE,X2010,13.45,19.386,0.118224144,0.34924833
2164,Bahrain,BHR,X2010,2.76,2.196,0.248303935,0.270098323
2165,Bolivia,BOL,X2010,43.43,45.727,-0.003944773,0.048327564
2166,Botswana,BWA,X2010,38.417,31.217,-0.027171436,0.075558159
2167,Brunei Darussalam,BRN,X2010,6.762,8.18,0.119907254,0.232670283
2168,Cameroon,CMR,X2010,2066.942,1940.041,0.070246821,0.007327896
2169,Chad,TCD,X2010,1288.501,1068.841,0.218122741,0.631815829
2170,Chile,CHL,X2010,26499.255,26093.452,0.113535956,0.31394478
2171,Colombia,COL,X2010,160177.848,142207.045,0.075161569,0.054328877
2172,"Congo, Republic of",COG,X2010,1274.933,2231.2,0.14110531,0.671610123
2173,Dem. Rep. of Congo,COD,X2010,3319,3776.3,NA,0.68545955
2174,Ecuador,ECU,X2010,24.123,23.186,0.170451237,0.261617151
2175,Equatorial Guinea,GNQ,X2010,2516.853,2150.931,-0.109873239,-0.091701023
2176,Gabon,GAB,X2010,1642.091,1834.003,0.266345908,0.0883238
2177,Ghana,GHA,X2010,12.008,7.694,0.399207644,0.278710321
2178,Guinea,GIN,X2010,8049.1,4257.69,0.536014503,0.162512389
2179,Guyana,GUY,X2010,140.686,127.571,0.048424598,0.073044151
2180,Indonesia,IDN,X2010,1159098.284,1073832.299,0.132462393,0.161293499
2181,Iran,IRN,X2010,917548.274,1049659.46,0.132493323,0.245509285
2182,Iraq,IRQ,X2010,80344.082,73571.55,0.044509225,0.219465744
2183,Kazakhstan,KAZ,X2010,4902.693,5223.314,0.228215656,0.387020889
2184,Kuwait,KWT,X2010,14.806,23.385,0.150606155,0.105099003
2185,Libya,LBY,X2010,50.552,61.504,0.100224171,0.471880534
2186,Malaysia,MYS,X2010,221.643,184.46,-0.039021345,0.009964958
2187,Mali,MLI,X2010,1071.602,935.807,-0.023856978,0.018359276
2188,Mauritania,MRT,X2010,269.005,262.003,0.179939644,0.320353367
2189,Mexico,MEX,X2010,3569.368,3002.406,0.087103693,0.125000984
2190,Mongolia,MNG,X2010,3080.685,3122.192,0.318430817,0.565796521
2191,Myanmar,MMR,X2010,6721.967,4551.171,0.230463324,0.216879254
2192,Namibia,NAM,X2010,27.367,23.538,0.1414331,-0.014073888
2193,Nigeria,NGA,X2010,9236.157,6889.637,0.348646696,0.539806658
2194,Norway,NOR,X2010,1142.23,1424.775,0.043604186,0.059016216
2195,Oman,OMN,X2010,7.643,8.879,0.07405846,0.258005101
2196,Papua New Guinea,PNG,X2010,7.441,8.261,-0.096746783,0.354928653
2197,Peru,PER,X2010,87.596,87.632,0.120569009,0.214648075
2198,Qatar,QAT,X2010,143.795,173.867,0.1726306,-0.042566782
2199,Russia,RUS,X2010,17616.656,16031.93,0.097724773,0.178842826
2200,Saudi Arabia,SAU,X2010,719.518,822.077,0.116494218,0.420879791
2201,Sierra Leone,SLE,X2010,2073.764,1560.742,0.428255402,0.240656377
2202,Sudan,SDN,X2010,28.815,29.245,0.143543138,0.540345518
2203,Suriname,SUR,X2010,3.092,2.725,0.04991511,0.011882659
2204,Syrian Arab Republic,SYR,X2010,799.504,582.024,0.186068695,-0.031872053
2205,Tanzania,TZA,X2010,8875.604,6785.442,0.166370856,0.146429076
2206,Timor Leste,TLS,X2010,0.76,2.422,0.258278146,0.373794668
2207,Trinidad and Tobago ,TTO,X2010,49.491,44.537,-0.079014459,0.072741287
2208,Turkmenistan,TKM,X2010,8.878,10.17,0.149553282,-0.135791978
2209,United Arab Emirates,ARE,X2010,343.013,364.131,0.052590717,0.272949418
2210,Uzbekistan,UZB,X2010,19815.533,22865.398,0.190353023,0.269617681
2211,Venezuela,VEN,X2010,321.105,215.722,0.364644735,0.240708575
2212,Vietnam,VNM,X2010,647711,588234,0.132743912,0.270818935
2213,Yemen,YEM,X2010,2049.855,1774.415,0.141909251,0.392136972
2214,Zambia,ZMB,X2010,17.563,15.198,0.275176069,0.247578394
2377,Algeria,DZA,X2011,5853.482,5790.129,0.318395154,0.317932081
2378,Angola,AGO,X2011,3927.547,4776.149,0.294500113,0.449298587
2379,Azerbaijan,AZE,X2011,17.368,23.292,0.291301115,0.201485608
2380,Bahrain,BHR,X2011,3.003,2.843,0.088043478,0.294626594
2381,Bolivia,BOL,X2011,58.773,60.155,0.353281142,0.315524745
2382,Botswana,BWA,X2011,38.668,38.512,0.006533566,0.233686773
2383,Brunei Darussalam,BRN,X2011,6.922,12.819,0.023661639,0.567114914
2384,Cameroon,CMR,X2011,2576.093,2250.155,0.24633057,0.159849199
2385,Chad,TCD,X2011,1284.476,1421.762,-0.003123785,0.330190365
2386,Chile,CHL,X2011,28195.513,29901.252,0.064011535,0.145929331
2387,Colombia,COL,X2011,178027.123,165690.182,0.111434104,0.165133429
2388,"Congo, Republic of",COG,X2011,1774.4,2894,0.39175941,0.297059878
2389,Dem. Rep. of Congo,COD,X2011,3543.6,3438.9,NA,-0.089352044
2390,Ecuador,ECU,X2011,31.195,31.19,0.2931642,0.345208315
2391,Equatorial Guinea,GNQ,X2011,2767.018,2849.028,0.099395952,0.324555739
2392,Gabon,GAB,X2011,2275.218,2486.186,0.385561458,0.355606289
2393,Ghana,GHA,X2011,15.826,11.441,0.317954697,0.487002859
2394,Guinea,GIN,X2011,7246.9,6824.141,-0.099663316,0.602780146
2395,Guyana,GUY,X2011,159.65,143.325,0.134796639,0.123492016
2396,Indonesia,IDN,X2011,1382960.413,1336271.877,0.193134726,0.24439531
2397,Iran,IRN,X2011,1189794.916,1203714.331,0.296710974,0.146766525
2398,Iraq,IRQ,X2011,94252.996,104563.988,0.173116845,0.421255744
2399,Kazakhstan,KAZ,X2011,5997.106,7638.32,0.223226908,0.462351297
2400,Kuwait,KWT,X2011,16.619,31.026,0.122450358,0.326747915
2401,Libya,LBY,X2011,23.366,16.614,-0.537782877,-0.729871228
2402,Malaysia,MYS,X2011,250.477,217.488,0.130092085,0.179052369
2403,Mali,MLI,X2011,1258.365,1049.597,0.174283923,0.121595585
2404,Mauritania,MRT,X2011,323.972,324.064,0.204334492,0.236871334
2405,Mexico,MEX,X2011,3922.73,3437.057,0.098998478,0.144767563
2406,Mongolia,MNG,X2011,4997.04,4468.27,0.622054835,0.431132358
2407,Myanmar,MMR,X2011,7207.807,5200.601,0.072276463,0.142695144
2408,Namibia,NAM,X2011,34.574,28.282,0.263346366,0.201546436
2409,Nigeria,NGA,X2011,11039.277,11296.005,0.195224053,0.63956461
2410,Norway,NOR,X2011,1200.82,1569.13,0.051294398,0.101317752
2411,Oman,OMN,X2011,10.279,12.734,0.34489075,0.434170515
2412,Papua New Guinea,PNG,X2011,8.764,9.28,0.177798683,0.123350684
2413,Peru,PER,X2011,93.158,103.664,0.06349605,0.182946869
2414,Qatar,QAT,X2011,181.372,246.147,0.261323412,0.415720062
2415,Russia,RUS,X2011,19994.645,20855.368,0.134985266,0.300864462
2416,Saudi Arabia,SAU,X2011,891.82,1193.379,0.239468644,0.451663287
2417,Sierra Leone,SLE,X2011,2751.942,2170.759,0.327027569,0.390850634
2418,Sudan,SDN,X2011,31.979,32.357,0.109803922,0.106411352
2419,Suriname,SUR,X2011,3.779,3.853,0.222186287,0.413944954
2420,Syrian Arab Republic,SYR,X2011,,,,
2421,Tanzania,TZA,X2011,10101.968,8221.254,0.138172456,0.211601838
2422,Timor Leste,TLS,X2011,1.105,3.568,0.453947368,0.473162675
2423,Trinidad and Tobago ,TTO,X2011,51.625,51.527,0.043118951,0.156948155
2424,Turkmenistan,TKM,X2011,12.18,15.218,0.371930615,0.496361849
2425,United Arab Emirates,ARE,X2011,401.43,482.329,0.170305499,0.324602959
2426,Uzbekistan,UZB,X2011,24414.196,31294.161,0.232073646,0.368625248
2427,Venezuela,VEN,X2011,535.834,378.475,0.668718955,0.754457125
2428,Vietnam,VNM,X2011,748897,719403,0.156220907,0.222987791
2429,Yemen,YEM,X2011,2087.875,1772.542,0.018547653,-0.001055559
2430,Zambia,ZMB,X2011,22.267,20.233,0.267835791,0.331293591
2593,Algeria,DZA,X2012,7058.173,6395.462,0.205807586,0.104545685
2594,Angola,AGO,X2012,4548.766,5053.803,0.158169718,0.058133446
2595,Azerbaijan,AZE,X2012,19.782,21.832,0.138991248,-0.062682466
2596,Bahrain,BHR,X2012,3.418,3.053,0.138195138,0.073865635
2597,Bolivia,BOL,X2012,67.447,70.729,0.147584775,0.175779237
2598,Botswana,BWA,X2012,40.736,41.649,0.053480914,0.081455131
2599,Brunei Darussalam,BRN,X2012,7.377,10.948,0.065732447,-0.145955223
2600,Cameroon,CMR,X2012,2640.734,2425.814,0.02509265,0.078065289
2601,Chad,TCD,X2012,1512.111,1542.084,0.177220127,0.084628792
2602,Chile,CHL,X2012,30614.297,31499.815,0.085786132,0.053461407
2603,Colombia,COL,X2012,187773.255,188311.73,0.054745209,0.1365292
2604,"Congo, Republic of",COG,X2012,2525.9,2975.8,0.423523445,0.028265377
2605,Dem. Rep. of Congo,COD,X2012,3910.3,4369.1,NA,0.270488898
2606,Ecuador,ECU,X2012,35.394,34.57,0.134604905,0.108368067
2607,Equatorial Guinea,GNQ,X2012,4023.498,3194.71,0.454091733,0.121333311
2608,Gabon,GAB,X2012,2497.824,2638.092,0.097839416,0.061100014
2609,Ghana,GHA,X2012,23.11,13.935,0.460255276,0.217987938
2610,Guinea,GIN,X2012,10342.15,9046.635,0.427113662,0.325681137
2611,Guyana,GUY,X2012,181.379,153.685,0.136103977,0.072283272
2612,Indonesia,IDN,X2012,1622837.246,1486152.643,0.173451699,0.112163377
2613,Iran,IRN,X2012,1039256,1015802.928,-0.126525096,-0.156109633
2614,Iraq,IRQ,X2012,109041.145,119449.324,0.15689845,0.142356238
2615,Kazakhstan,KAZ,X2012,6796.054,8170.301,0.133222258,0.069646336
2616,Kuwait,KWT,X2012,18.469,35.8,0.111318371,0.153870947
2617,Libya,LBY,X2012,45.978,74.714,0.967730891,3.49705068
2618,Malaysia,MYS,X2012,279.7,243.227,0.116669395,0.118346759
2619,Mali,MLI,X2012,986.591,925.843,-0.215973903,-0.117906206
2620,Mauritania,MRT,X2012,429.956,465.611,0.327139382,0.436787178
2621,Mexico,MEX,X2012,4300.1,3723.781,0.09620086,0.083421369
2622,Mongolia,MNG,X2012,6492.904,4975.892,0.299350015,0.113605937
2623,Myanmar,MMR,X2012,11954.915,11152.386,0.658606425,1.144441767
2624,Namibia,NAM,X2012,37.448,35.954,0.083126048,0.271267944
2625,Nigeria,NGA,X2012,10226.048,10416.044,-0.073666871,-0.077900196
2626,Norway,NOR,X2012,1252.47,1654.07,0.043012275,0.054131907
2627,Oman,OMN,X2012,12.983,14.352,0.263060609,0.12706141
2628,Papua New Guinea,PNG,X2012,10.383,9.358,0.184732999,0.008405172
2629,Peru,PER,X2012,103.306,112.904,0.10893321,0.089134126
2630,Qatar,QAT,X2012,217.036,317.076,0.196634541,0.288157077
2631,Russia,RUS,X2012,23174.718,23435.105,0.159046235,0.123696547
2632,Saudi Arabia,SAU,X2012,977.562,1383.135,0.096142719,0.159007323
2633,Sierra Leone,SLE,X2012,3357.859,2506.07,0.220177969,0.15446717
2634,Sudan,SDN,X2012,29.741,22.266,-0.069983427,-0.311864512
2635,Suriname,SUR,X2012,4.763,4.13,0.260386346,0.071892032
2636,Syrian Arab Republic,SYR,X2012,,,,
2637,Tanzania,TZA,X2012,12153.773,9623.533,0.203109434,0.170567531
2638,Timor Leste,TLS,X2012,1.247,4.093,0.128506787,0.147141256
2639,Trinidad and Tobago ,TTO,X2012,53.255,52.84,0.03157385,0.025481786
2640,Turkmenistan,TKM,X2012,14.695,21.046,0.206486043,0.382967538
2641,United Arab Emirates,ARE,X2012,400.893,550.034,-0.001337718,0.140370992
2642,Uzbekistan,UZB,X2012,31938.09,40112.898,0.308177013,0.281801356
2643,Venezuela,VEN,X2012,654.39,384.821,0.22125509,0.01676729
2644,Vietnam,VNM,X2012,954229.408,733446,0.274179771,0.019520352
2645,Yemen,YEM,X2012,2747.697,2268.593,0.316025624,0.279852889
2646,Zambia,ZMB,X2012,28.685,24.541,0.288229218,0.212919488
2809,Algeria,DZA,X2013,6092.124,5957.546,-0.136869555,-0.068472927
2810,Angola,AGO,X2013,4888.694,4848.532,0.074729718,-0.040617135
2811,Azerbaijan,AZE,X2013,21.932,22.755,0.108684663,0.042277391
2812,Bahrain,BHR,X2013,3.527,2.993,0.031889994,-0.019652801
2813,Bolivia,BOL,X2013,81.418,82.795,0.207140421,0.170594806
2814,Botswana,BWA,X2013,41.73,48.643,0.024401021,0.167927201
2815,Brunei Darussalam,BRN,X2013,7.602,10.439,0.030500203,-0.04649251
2816,Cameroon,CMR,X2013,3199.758,2622.609,0.211692658,0.081125346
2817,Chad,TCD,X2013,1463.564,1331.033,-0.032105447,-0.136860897
2818,Chile,CHL,X2013,32498.617,31853.997,0.061550327,0.011243939
2819,Colombia,COL,X2013,206555.415,199864.479,0.100025746,0.061349067
2820,"Congo, Republic of",COG,X2013,2555.1,3122.7,0.011560236,0.049364877
2821,Dem. Rep. of Congo,COD,X2013,3681.2,4588.1,NA,0.050132259
2822,Ecuador,ECU,X2013,41.607,37.26,0.175538227,0.077813133
2823,Equatorial Guinea,GNQ,X2013,3276.879,2672.985,-0.18556465,-0.163309033
2824,Gabon,GAB,X2013,2468.031,2621.795,-0.011927582,-0.006177571
2825,Ghana,GHA,X2013,25.955,15.63,0.12310688,0.121636168
2826,Guinea,GIN,X2013,10785.42,8543.92,0.042860527,-0.055569281
2827,Guyana,GUY,X2013,183.257,157.221,0.01035401,0.023008101
2828,Indonesia,IDN,X2013,1822525.027,1632381.07,0.123048557,0.098393949
2829,Iran,IRN,X2013,1415137.6,1326784.6,0.361683358,0.306143705
2830,Iraq,IRQ,X2013,131242.204,115417.554,0.203602585,-0.033752975
2831,Kazakhstan,KAZ,X2013,7130.917,8911.319,0.049273152,0.090696536
2832,Kuwait,KWT,X2013,18.715,36.118,0.013319617,0.008882682
2833,Libya,LBY,X2013,58.133,54.762,0.264365566,-0.267044998
2834,Malaysia,MYS,X2013,289.058,245.434,0.033457276,0.009073828
2835,Mali,MLI,X2013,1307.25,1151.093,0.325017155,0.243291789
2836,Mauritania,MRT,X2013,436.742,422.663,0.01578301,-0.092240089
2837,Mexico,MEX,X2013,4522.788,3905.347,0.051786703,0.048758506
2838,Mongolia,MNG,X2013,7688.585,5983.606,0.18415196,0.202519267
2839,Myanmar,MMR,X2013,13800.719,12685.259,0.154397083,0.137447986
2840,Namibia,NAM,X2013,45.32,39.583,0.210211493,0.100934527
2841,Nigeria,NGA,X2013,10859.802,8949.41,0.061974479,-0.140805281
2842,Norway,NOR,X2013,1329.898,1668.627,0.061820243,0.008800716
2843,Oman,OMN,X2013,13.588,14.548,0.046599399,0.013656633
2844,Papua New Guinea,PNG,X2013,12.5,9.74,0.203890976,0.040820688
2845,Peru,PER,X2013,117.836,121.786,0.140650107,0.078668603
2846,Qatar,QAT,X2013,234.271,387.098,0.079410789,0.220836645
2847,Russia,RUS,X2013,25290.909,24442.686,0.091314639,0.042994516
2848,Saudi Arabia,SAU,X2013,1059.769,1303.798,0.084093899,-0.057360272
2849,Sierra Leone,SLE,X2013,3337.085,2827.586,-0.00618668,0.1282949
2850,Sudan,SDN,X2013,41.459,34.311,0.394001547,0.54095931
2851,Suriname,SUR,X2013,5.234,4.082,0.098887256,-0.011622276
2852,Syrian Arab Republic,SYR,X2013,,,,
2853,Tanzania,TZA,X2013,13750.59,10970.332,0.131384468,0.139948499
2854,Timor Leste,TLS,X2013,1.081,4.058,-0.133119487,-0.008551185
2855,Trinidad and Tobago ,TTO,X2013,60.714,57.264,0.140061966,0.083724451
2856,Turkmenistan,TKM,X2013,18.85,20.379,0.282749234,-0.031692483
2857,United Arab Emirates,ARE,X2013,434.489,581.339,0.08380291,0.056914663
2858,Uzbekistan,UZB,X2013,39983.684,43436.671,0.251912184,0.082860456
2859,Venezuela,VEN,X2013,837.948,516.625,0.280502453,0.342507296
2860,Vietnam,VNM,X2013,1031607.451,820954,0.08108956,0.11931076
2861,Yemen,YEM,X2013,2674.693,2075.69,-0.02656916,-0.085032
2862,Zambia,ZMB,X2013,36.313,26.635,0.265922956,0.085326596
3025,Algeria,DZA,X2014,6799.384,5730.954,0.116094157,-0.038034452
3026,Angola,AGO,X2014,4682.4,4322.8,-0.042198182,-0.108431171
3027,Azerbaijan,AZE,X2014,22.304,22.565,0.016961517,-0.008349813
3028,Bahrain,BHR,X2014,3.845,3.113,0.09016161,0.040093552
3029,Bolivia,BOL,X2014,98.584,90.914,0.210837898,0.098061477
3030,Botswana,BWA,X2014,51.263,51.828,0.228444764,0.065477047
3031,Brunei Darussalam,BRN,X2014,7.343,10.035,-0.034069982,-0.038701025
3032,Cameroon,CMR,X2014,3546.163,2743.582,0.10825975,0.046126967
3033,Chad,TCD,X2014,1519.186,1230.108,0.038004488,-0.075824566
3034,Chile,CHL,X2014,35686.682,33603.898,0.098098482,0.054935053
3035,Colombia,COL,X2014,227972.658,217237.388,0.103687638,0.086923445
3036,"Congo, Republic of",COG,X2014,2733.6,2863.6,0.069860279,-0.082973068
3037,Dem. Rep. of Congo,COD,X2014,3766.2,4597.8,NA,0.00210435
3038,Ecuador,ECU,X2014,44.311,39.109,0.064989064,0.049624262
3039,Equatorial Guinea,GNQ,X2014,2982.019,2401.943,-0.089981961,-0.101400494
3040,Gabon,GAB,X2014,2118.482,2369.756,-0.141630717,-0.09613223
3041,Ghana,GHA,X2014,31.937,20.874,0.230475824,0.335508637
3042,Guinea,GIN,X2014,13971.458,11951.134,0.295402312,0.398788144
3043,Guyana,GUY,X2014,216.192,182.857,0.179720284,0.163057098
3044,Indonesia,IDN,X2014,1978869.26,1751469.26,0.085784409,0.07295367
3045,Iran,IRN,X2014,1670958.29,1521868.237,0.180774428,0.147034897
3046,Iraq,IRQ,X2014,112036.601,104385.703,-0.146337096,-0.09558209
3047,Kazakhstan,KAZ,X2014,8686.454,9419.852,0.218139827,0.057065963
3048,Kuwait,KWT,X2014,22.042,34.455,0.177771841,-0.046043524
3049,Libya,LBY,X2014,44.178,21.395,-0.240052982,-0.609309375
3050,Malaysia,MYS,X2014,298.175,258.812,0.031540383,0.054507525
3051,Mali,MLI,X2014,1578.449,1345.169,0.20745764,0.168601494
3052,Mauritania,MRT,X2014,479.104,424.007,0.09699548,0.003179838
3053,Mexico,MEX,X2014,4787.203,3998.686,0.058462833,0.023900309
3054,Mongolia,MNG,X2014,8518.469,6121.616,0.107937156,0.023064687
3055,Myanmar,MMR,X2014,18166.669,15470.992,0.316356706,0.219603951
3056,Namibia,NAM,X2014,56.349,48.721,0.243358341,0.230856681
3057,Nigeria,NGA,X2014,10885.039,8803.153,0.002323891,-0.016342642
3058,Norway,NOR,X2014,1416.823,1693.287,0.065362156,0.014778617
3059,Oman,OMN,X2014,14.594,14.133,0.074035914,-0.028526258
3060,Papua New Guinea,PNG,X2014,14.942,12.513,0.19536,0.284702259
3061,Peru,PER,X2014,129.694,129.016,0.100631386,0.05936643
3062,Qatar,QAT,X2014,244.759,354.16,0.044768665,-0.085089564
3063,Russia,RUS,X2014,27215.951,26371.059,0.076115967,0.078893662
3064,Saudi Arabia,SAU,X2014,1206.245,1193.446,0.138215026,-0.084638878
3065,Sierra Leone,SLE,X2014,3845.425,3115.372,0.152330552,0.101777983
3066,Sudan,SDN,X2014,53.804,49.413,0.297764056,0.440150389
3067,Suriname,SUR,X2014,4.815,3.94,-0.080053496,-0.034786869
3068,Syrian Arab Republic,SYR,X2014,,,,
3069,Tanzania,TZA,X2014,15555.52,12479.404,0.131262004,0.137559374
3070,Timor Leste,TLS,X2014,1.303,2.434,0.205365402,-0.400197141
3071,Trinidad and Tobago ,TTO,X2014,64.274,57.028,0.05863557,-0.004121263
3072,Turkmenistan,TKM,X2014,21.099,22.189,0.119310345,0.088816919
3073,United Arab Emirates,ARE,X2014,447.376,535.717,0.029660129,-0.078477446
3074,Uzbekistan,UZB,X2014,48982.742,51478.493,0.225068255,0.185139004
3075,Venezuela,VEN,X2014,1371.271,906.591,0.636463122,0.754833777
3076,Vietnam,VNM,X2014,1057735,845773,0.025327026,0.030231901
3077,Yemen,YEM,X2014,2580.6,2196.383,-0.035178991,0.058145966
3078,Zambia,ZMB,X2014,40.622,31.446,0.118662738,0.180626995
3241,Algeria,DZA,X2015,7186.061,5069.8,0.056869416,-0.115365435
3242,Angola,AGO,X2015,3614.189,3057.791,-0.228133222,-0.292636486
3243,Azerbaijan,AZE,X2015,22.194,18.599,-0.004931851,-0.175758919
3244,Bahrain,BHR,X2015,3.972,2.808,0.033029909,-0.097976229
3245,Bolivia,BOL,X2015,94.605,83.892,-0.040361519,-0.077237829
3246,Botswana,BWA,X2015,54.153,55.227,0.056375944,0.065582311
3247,Brunei Darussalam,BRN,X2015,7.183,4.802,-0.021789459,-0.521474838
3248,Cameroon,CMR,X2015,3746.617,2738.702,0.056527012,-0.001778697
3249,Chad,TCD,X2015,1226.387,989.144,-0.192734135,-0.195888491
3250,Chile,CHL,X2015,39740.874,36481.797,0.113605182,0.08564182
3251,Colombia,COL,X2015,235144.374,209527.974,0.031458667,-0.035488431
3252,"Congo, Republic of",COG,X2015,2748.664,2344.935,0.005510682,-0.181123411
3253,Dem. Rep. of Congo,COD,X2015,5098.2,5668.8,NA,0.232935532
3254,Ecuador,ECU,X2015,40.391,34.85,-0.088465618,-0.108900765
3255,Equatorial Guinea,GNQ,X2015,2786.251,1789.195,-0.065649481,-0.255105138
3256,Gabon,GAB,X2015,2043.262,1886.679,-0.035506556,-0.203850945
3257,Ghana,GHA,X2015,34.046,25.608,0.066036259,0.226789307
3258,Guinea,GIN,X2015,16807.875,11728.672,0.203015104,-0.018614301
3259,Guyana,GUY,X2015,227.293,195.74,0.051347876,0.070453961
3260,Indonesia,IDN,X2015,2062872.755,1794987.028,0.04245025,0.024846436
3261,Iran,IRN,X2015,1939773.238,1635633.436,0.160874721,0.074753646
3262,Iraq,IRQ,X2015,103218.262,82953.793,-0.078709448,-0.205314611
3263,Kazakhstan,KAZ,X2015,9083.547,7856.739,0.045714051,-0.16593817
3264,Kuwait,KWT,X2015,21.188,23.541,-0.038744216,-0.316760993
3265,Libya,LBY,X2015,44.816,12.87,0.014441577,-0.398457584
3266,Malaysia,MYS,X2015,300.013,260.564,0.006164165,0.006769392
3267,Mali,MLI,X2015,1684.498,1391.9,0.067185573,0.034739873
3268,Mauritania,MRT,X2015,477.847,457.091,-0.002623647,0.078027014
3269,Mexico,MEX,X2015,4727.128,3982.521,-0.012549081,-0.004042578
3270,Mongolia,MNG,X2015,8562.476,6186.232,0.005166069,0.010555383
3271,Myanmar,MMR,X2015,22417.398,17817.071,0.233985053,0.151643734
3272,Namibia,NAM,X2015,62.266,54.412,0.1050063,0.116807947
3273,Nigeria,NGA,X2015,10202.905,8247.785,-0.062667116,-0.063087396
3274,Norway,NOR,X2015,1465.282,1700.882,0.034202579,0.004485359
3275,Oman,OMN,X2015,13.548,9.968,-0.07167329,-0.294700347
3276,Papua New Guinea,PNG,X2015,15.666,13.068,0.048454022,0.044353872
3277,Peru,PER,X2015,138.515,128.107,0.068013941,-0.007045638
3278,Qatar,QAT,X2015,249.888,290.639,0.020955307,-0.179356788
3279,Russia,RUS,X2015,29034.52,26250.596,0.066819969,-0.004568
3280,Saudi Arabia,SAU,X2015,1220.618,874.736,0.01191549,-0.267050206
3281,Sierra Leone,SLE,X2015,4278.374,3178.64,0.112588075,0.020308329
3282,Sudan,SDN,X2015,63.464,55.605,0.179540555,0.125311153
3283,Suriname,SUR,X2015,4.787,3.74,-0.005815161,-0.050761421
3284,Syrian Arab Republic,SYR,X2015,,,,
3285,Tanzania,TZA,X2015,18124.007,14364.153,0.165117399,0.151028767
3286,Timor Leste,TLS,X2015,1.361,1.745,0.044512663,-0.283073131
3287,Trinidad and Tobago ,TTO,X2015,63.1,55.942,-0.018265551,-0.019043277
3288,Turkmenistan,TKM,X2015,23.452,22.583,0.111521873,0.017756546
3289,United Arab Emirates,ARE,X2015,449.311,409.41,0.004325221,-0.235771872
3290,Uzbekistan,UZB,X2015,58638.98,58680.955,0.197135514,0.13991206
3291,Venezuela,VEN,X2015,1976.426,1051.318,0.441309559,0.15963869
3292,Vietnam,VNM,X2015,1195415,911275.046,0.130164928,0.077446367
3293,Yemen,YEM,X2015,2194.163,1695.107,-0.149746958,-0.228227955
3294,Zambia,ZMB,X2015,43.741,34.067,0.076781055,0.083349234