Country,ISO,Variable,2000,2001,2002,2003,2004,2005,2006,2007,2008,2009,2010,2011,2012,2013,2014,2015
Algeria,DZA,GGExp,1178.122,1321.028,1550.646,1691.354,1891.769,2052.037,2454.387,3114.242,4190.663,4220.957,4439.854,5853.482,7058.173,6092.124,6799.384,7186.061
Angola,AGO,GGExp,45.484,82.661,207.753,457.154,586.399,854.785,1288.353,1908.842,3498.789,2510.197,3034.026,3927.547,4548.766,4888.694,4682.4,3614.189
Azerbaijan,AZE,GGExp,0.983,0.992,1.678,2.038,2.206,2.839,5.037,7.356,11.829,12.028,13.45,17.368,19.782,21.932,22.304,22.194
Bahrain,BHR,GGExp,0.787,0.956,1.15,1.219,1.288,1.497,1.678,1.908,2.286,2.211,2.76,3.003,3.418,3.527,3.845,3.972
Bolivia,BOL,GGExp,15.223,17.189,18.871,19.803,22.52,25.558,27.372,33.635,42.645,43.602,43.43,58.773,67.447,81.418,98.584,94.605
Botswana,BWA,GGExp,11.536,13.671,15.71,16.276,17.383,17.632,19.737,24.822,35.15,39.49,38.417,38.668,40.736,41.73,51.263,54.153
Brunei Darussalam,BRN,GGExp,4.298,3.945,4.803,3.91,4.888,5.107,5.613,5.998,6.146,6.038,6.762,6.922,7.377,7.602,7.343,7.183
Cameroon,CMR,GGExp,1093.742,1189.866,1191.663,1219.119,1331.171,1278.296,1365.968,1528.323,1980.992,1931.276,2066.942,2576.093,2640.734,3199.758,3546.163,3746.617
Chad,TCD,GGExp,203.2,220.5,280.3,348.1,336.778,404.946,542.28,709.295,874.409,1057.776,1288.501,1284.476,1512.111,1463.564,1519.186,1226.387
Chile,CHL,GGExp,9670.135,10545.969,11264.236,11774.611,12605.227,13930.21,15348.976,17509.243,20364.623,23797.395,26499.255,28195.513,30614.297,32498.617,35686.682,39740.874
Colombia,COL,GGExp,55106.927,62193.852,68437.998,75813.234,81313.885,87471.638,108552.222,120816.16,127887.564,148980.258,160177.848,178027.123,187773.255,206555.415,227972.658,235144.374
"Congo, Republic of",COG,GGExp,583.502,501.624,582.535,605.308,656.31,775.762,1123.053,1201.487,1255.619,1117.279,1274.933,1774.4,2525.9,2555.1,2733.6,2748.664
Dem. Rep. of Congo,ZAR,GGExp,#N/A,#N/A,#N/A,#N/A,#N/A,#N/A,#N/A,#N/A,#N/A,#N/A,#N/A,#N/A,#N/A,#N/A,#N/A,#N/A
Ecuador,ECU,GGExp,4.221,4.91,6.114,6.587,7.47,8.88,9.928,12.554,21.762,20.61,24.123,31.195,35.394,41.607,44.311,40.391
Equatorial Guinea,GNQ,GGExp,186.337,165.219,161.699,254.804,484.924,609.587,954.248,1233.481,1759.331,2827.522,2516.853,2767.018,4023.498,3276.879,2982.019,2786.251
Gabon,GAB,GGExp,779.878,1023.987,952.054,802.44,855.32,1036.152,1122.143,1155.853,1314.592,1296.716,1642.091,2275.218,2497.824,2468.031,2118.482,2043.262
Ghana,GHA,GGExp,0.806,1.229,1.286,1.975,2.69,3.081,4.072,5.299,7.361,8.582,12.008,15.826,23.11,25.955,31.937,34.046
Guinea,GIN,GGExp,893,1113.83,1157.351,1395.299,1464.15,1807.88,2871.41,2287.2,3231.882,5240.25,8049.1,7246.9,10342.15,10785.42,13971.458,16807.875
Guyana,GUY,GGExp,62.471,67.665,68.532,72.539,77.728,97.083,110.215,114.641,120.815,134.188,140.686,159.65,181.379,183.257,216.192,227.293
Indonesia,IDN,GGExp,231311.551,349318.99,335485.778,398067.721,445297.685,526114.278,671708.925,804822.771,1050154.508,1023520.332,1159098.284,1382960.413,1622837.246,1822525.027,1978869.26,2062872.755
Iran,IRN,GGExp,104703.7,125741.679,206265.07,251732.394,297493.48,450083.998,564866.156,617566.698,828825.507,810201.928,917548.274,1189794.916,1039256,1415137.6,1670958.29,1939773.238
Iraq,IRQ,GGExp,#N/A,#N/A,#N/A,#N/A,48683.837,46477.127,48108.374,51406.137,89904.108,76920.414,80344.082,94252.996,109041.145,131242.204,112036.601,103218.262
Kazakhstan,KAZ,GGExp,#N/A,#N/A,775.163,984.892,1289.822,1679.883,2022.2,3045.952,4345.252,3991.72,4902.693,5997.106,6796.054,7130.917,8686.454,9083.547
Kuwait,KWT,GGExp,4.23,4.594,4.852,5.281,5.991,6.635,9.405,9.809,16.009,12.868,14.806,16.619,18.469,18.715,22.042,21.188
Libya,LBY,GGExp,5.415,7.877,10.973,14.475,18.245,17.994,22.493,28.727,43.534,45.947,50.552,23.366,45.978,58.133,44.178,44.816
Malaysia,MYS,GGExp,99.496,108.379,113.29,128.022,133.642,139.711,159.865,180.421,217.105,230.643,221.643,250.477,279.7,289.058,298.175,300.013
Mali,MLI,GGExp,407.862,465.943,540.579,568.99,625.835,712.656,796.302,838.95,828.24,1097.792,1071.602,1258.365,986.591,1307.25,1578.449,1684.498
Mauritania,MRT,GGExp,#N/A,#N/A,#N/A,#N/A,149.569,166.25,199.986,220.941,245.739,227.982,269.005,323.972,429.956,436.742,479.104,477.847
Mexico,MEX,GGExp,1351.317,1438.197,1583.758,1690.459,1826.364,2048.766,2408.422,2657.724,3178.805,3283.374,3569.368,3922.73,4300.1,4522.788,4787.203,4727.128
Mongolia,MNG,GGExp,422.65,489.73,550.481,615.753,752.475,764.597,1054.924,1749.701,2466.774,2336.63,3080.685,4997.04,6492.904,7688.585,8518.469,8562.476
Myanmar,MMR,GGExp,591.768,666.97,853.996,1245.703,1480.696,2064.628,3187.294,4177.072,4451.548,5462.956,6721.967,7207.807,11954.915,13800.719,18166.669,22417.398
Namibia,NAM,GGExp,8.233,9.456,10.658,11.697,12.22,12.906,14.285,15.926,19.67,23.976,27.367,34.574,37.448,45.32,56.349,62.266
Nigeria,NGA,GGExp,1706.562,2509.965,2196.314,3086.757,3176.666,4255.701,3548.71,5966.347,5628.537,6848.463,9236.157,11039.277,10226.048,10859.802,10885.039,10202.905
Norway,NOR,GGExp,629.453,679.078,714.166,762.748,786.945,815.523,871.42,927.514,1014.692,1094.505,1142.23,1200.82,1252.47,1329.898,1416.823,1465.282
Oman,OMN,GGExp,2.672,2.841,3.028,3.229,3.718,4.181,4.92,5.706,6.867,7.116,7.643,10.279,12.983,13.588,14.594,13.548
Papua New Guinea,PNG,GGExp,3.071,3.457,3.713,3.811,4.106,4.898,5.184,5.325,6.498,8.238,7.441,8.764,10.383,12.5,14.942,15.666
Peru,PER,GGExp,38.224,37.466,37.282,40.953,44.141,49.857,54.864,59.441,69.594,78.171,87.596,93.158,103.306,117.836,129.694,138.515
Qatar,QAT,GGExp,20.293,20.504,22.799,25.212,36.103,50.768,67.147,86.249,99.958,122.626,143.795,181.372,217.036,234.271,244.759,249.888
Russia,RUS,GGExp,2399.176,3015.076,3924.392,4613.409,5405.393,6820.645,8375.228,11378.578,14157.027,16048.336,17616.656,19994.645,23174.718,25290.909,27215.951,29034.52
Saudi Arabia,SAU,GGExp,251.513,271.859,274.893,288.911,338.895,375.388,413.734,492.077,564.657,644.444,719.518,891.82,977.562,1059.769,1206.245,1220.618
Sierra Leone,SLE,GGExp,317.597,413.71,526.843,612.563,708.971,860.246,928.861,834.713,1207.332,1451.956,2073.764,2751.942,3357.859,3337.085,3845.425,4278.374
Sudan,SDN,GGExp,3.499,4.011,5.034,6.991,11.347,16.927,18.502,23.468,26.733,25.198,28.815,31.979,29.741,41.459,53.804,63.464
Suriname,SUR,GGExp,0.486,0.627,0.841,0.803,1.127,1.331,1.444,1.714,2.156,2.945,3.092,3.779,4.763,5.234,4.815,4.787
Syrian Arab Republic,SYR,GGExp,259.197,282.736,318.369,350.609,396.904,424.456,454.638,519.435,561.327,674.079,799.504,#N/A,#N/A,#N/A,#N/A,#N/A
Tanzania,TZA,GGExp,1220.177,1367.8,1726.152,2258.862,2888.269,3550.653,4164.081,4846.196,6062.281,7609.59,8875.604,10101.968,12153.773,13750.59,15555.52,18124.007
Timor Leste,TLS,GGExp,0,0,0.061,0.07,0.07,0.094,0.115,0.251,0.57,0.604,0.76,1.105,1.247,1.081,1.303,1.361
Trinidad and Tobago ,TTO,GGExp,13.576,16.176,14.885,16.739,20.947,26.56,36.033,38.963,51.083,53.737,49.491,51.625,53.255,60.714,64.274,63.1
Turkmenistan,TKM,GGExp,1.259,1.521,1.633,2.299,2.788,3.513,3.326,3.629,5.375,7.723,8.878,12.18,14.695,18.85,21.099,23.452
United Arab Emirates,ARE,GGExp,82.407,95.72,86.035,91.561,96.131,104.431,127.475,167.224,254.308,325.875,343.013,401.43,400.893,434.489,447.376,449.311
Uzbekistan,UZB,GGExp,1272.667,1755.396,2784.878,3266.18,3870.941,4701.039,6025.154,8571.106,11517.762,16646.77,19815.533,24414.196,31938.09,39983.684,48982.742,58638.98
Venezuela,VEN,GGExp,22.537,28.373,33.419,43.188,67.877,101.961,154.681,177.803,236.341,235.303,321.105,535.834,654.39,837.948,1371.271,1976.426
Vietnam,VNM,GGExp,99751,117285,134334,172885.6,192373,239364,276774,350479.079,437416,571807.09,647711,748897,954229.408,1031607.451,1057735,1195415
Yemen,YEM,GGExp,493.826,506.761,578.104,763.054,875.742,1179.739,1405.078,1738.512,2217.365,1795.112,2049.855,2087.875,2747.697,2674.693,2580.6,2194.163
Zambia,ZMB,GGExp,2.398,4.134,5.086,6.337,6.919,8.35,9.051,11.209,13.054,13.773,17.563,22.267,28.685,36.313,40.622,43.741
Algeria,DZA,GGRev,1578.159,1479.104,1603.284,1947.437,2215.165,3082.674,3639.91,3687.85,5190.617,3676.062,4393.344,5790.129,6395.462,5957.546,5730.954,5069.8
Angola,AGO,GGRev,48.051,90.32,190.836,394.898,609.686,1085.844,1685.031,2124.712,3217.433,2069.733,3295.49,4776.149,5053.803,4848.532,4322.8,3057.791
Azerbaijan,AZE,GGRev,1.001,0.992,1.655,1.912,2.288,3.143,5.253,8.007,19.426,14.368,19.386,23.292,21.832,22.755,22.565,18.599
Bahrain,BHR,GGRev,1.082,0.982,1.027,1.146,1.301,1.671,1.841,2.038,2.698,1.729,2.196,2.843,3.053,2.993,3.113,2.808
Bolivia,BOL,GGRev,13.287,13.52,13.89,14.928,18.661,23.829,31.473,35.428,46.953,43.619,45.727,60.155,70.729,82.795,90.914,83.892
Botswana,BWA,GGRev,14.119,12.709,14.321,16.191,17.958,23.008,27.657,28.645,29.556,29.024,31.217,38.512,41.649,48.643,51.828,55.227
Brunei Darussalam,BRN,GGRev,5.084,4.232,4.268,4.93,6.151,7.964,9.644,6.632,14.306,6.636,8.18,12.819,10.948,10.439,10.035,4.802
Cameroon,CMR,GGRev,1209.65,1240.5,1323.875,1271,1285.921,1589.928,4448.106,1985.483,2214.088,1925.928,1940.041,2250.155,2425.814,2622.609,2743.582,2738.702
Chad,TCD,GGRev,135.43,155.48,197.34,247.36,273.778,402.537,628.676,814.26,1042.561,655.001,1068.841,1421.762,1542.084,1331.033,1230.108,989.144
Chile,CHL,GGRev,9377.651,10321.365,10697.283,11554.822,13843.659,17057.851,21459.883,24677.878,24241.035,19858.865,26093.452,29901.252,31499.815,31853.997,33603.898,36481.797
Colombia,COL,GGRev,48982.811,55644.643,60012.487,68490.104,77422.845,87424.868,104744.622,117164.066,126673.508,134879.209,142207.045,165690.182,188311.73,199864.479,217237.388,209527.974
"Congo, Republic of",COG,GGRev,609.388,631.827,575.414,613.5,745.8,1245.7,1796,1579.249,2497.256,1334.761,2231.2,2894,2975.8,3122.7,2863.6,2344.935
Dem. Rep. of Congo,ZAR,GGRev,#N/A,#N/A,#N/A,#N/A,#N/A,#N/A,#N/A,#N/A,#N/A,#N/A,#N/A,#N/A,#N/A,#N/A,#N/A,#N/A
Ecuador,ECU,GGRev,4.4,5.194,6.33,6.91,8.177,9.146,11.263,13.451,22.062,18.378,23.186,31.19,34.57,37.26,39.109,34.85
Equatorial Guinea,GNQ,GGRev,164.389,348,414.482,471.162,773.525,1410.189,2103.73,2308.526,3051.786,2368.087,2150.931,2849.028,3194.71,2672.985,2401.943,1789.195
Gabon,GAB,GGRev,1207.598,1173.63,1089.899,1095.188,1141.846,1434.159,1582.572,1636.499,2078.129,1685.163,1834.003,2486.186,2638.092,2621.795,2369.756,1886.679
Ghana,GHA,GGRev,0.539,0.953,0.957,1.65,2.294,2.633,3.192,4.052,4.813,6.017,7.694,11.441,13.935,15.63,20.874,25.608
Guinea,GIN,GGRev,719.8,868.21,876.914,952.672,1027.373,1631.48,2397.75,2620.29,3351.789,3662.49,4257.69,6824.141,9046.635,8543.92,11951.134,11728.672
Guyana,GUY,GGRev,56.264,57.22,61.358,57.692,68.268,74.707,86.793,99.586,105.437,118.887,127.571,143.325,153.685,157.221,182.857,195.74
Indonesia,IDN,GGRev,203045.479,317746.293,324027.804,374485.402,438800.21,538894.002,685237.413,764121.451,1053084.642,924686.395,1073832.299,1336271.877,1486152.643,1632381.07,1751469.26,1794987.028
Iran,IRN,GGRev,147295.136,133391.592,211195.76,266641.105,352606.235,504380.263,611469.02,828611.023,851710.199,842755.227,1049659.46,1203714.331,1015802.928,1326784.6,1521868.237,1635633.436
Iraq,IRQ,GGRev,#N/A,#N/A,#N/A,#N/A,29839.493,49468.975,58346.614,60137.179,88560.647,60330.969,73571.55,104563.988,119449.324,115417.554,104385.703,82953.793
Kazakhstan,KAZ,GGRev,568.2,833.9,847.815,1169.189,1441.123,2131.724,2803.917,3705.752,4542.243,3765.851,5223.314,7638.32,8170.301,8911.319,9419.852,7856.739
Kuwait,KWT,GGRev,7.888,7.661,7.093,7.749,9.882,16.852,18.804,21.989,23.994,21.161,23.385,31.026,35.8,36.118,34.455,23.541
Libya,LBY,GGRev,8.175,7.891,12.85,16.614,23.272,37.413,45.457,53.091,72.897,41.786,61.504,16.614,74.714,54.762,21.395,12.87
Malaysia,MYS,GGRev,76.004,91.633,96.763,107.055,116.329,123.578,143.601,162.504,189.645,182.64,184.46,217.488,243.227,245.434,258.812,260.564
Mali,MLI,GGRev,352.282,394.851,456.692,536.528,557.96,621.605,1798.667,730.254,741.5,918.936,935.807,1049.597,925.843,1151.093,1345.169,1391.9
Mauritania,MRT,GGRev,63.803,70.739,108.571,119.684,130.414,141.624,221.564,205.41,204.551,198.434,262.003,324.064,465.611,422.663,424.007,457.091
Mexico,MEX,GGRev,1157.032,1230.494,1343.536,1512.707,1717.979,1932.63,2305.82,2525.809,3059.643,2668.803,3002.406,3437.057,3723.781,3905.347,3998.686,3982.521
Mongolia,MNG,GGRev,351.396,429.499,477.049,553.888,713.113,837.858,1360.41,1880.489,2170.37,1993.996,3122.192,4468.27,4975.892,5983.606,6121.616,6186.232
Myanmar,MMR,GGRev,380.907,463.482,657.267,836.168,1062.935,1669.538,2484.9,3301.006,3677.36,3740.035,4551.171,5200.601,11152.386,12685.259,15470.992,17817.071
Namibia,NAM,GGRev,7.964,8.772,10.092,9.933,10.979,12.653,15.938,19.728,22.753,23.874,23.538,28.282,35.954,39.583,48.721,54.412
Nigeria,NGA,GGRev,1986.949,2247.884,2348.447,2794.767,4127.32,5348.64,6040.813,5615.145,7861.634,4474.352,6889.637,11296.005,10416.044,8949.41,8803.153,8247.785
Norway,NOR,GGRev,858.713,887.734,855.059,878.984,981.076,1111.134,1270.904,1326.63,1495.59,1345.376,1424.775,1569.13,1654.07,1668.627,1693.287,1700.882
Oman,OMN,GGRev,3.713,3.486,3.499,3.792,4.311,5.712,6.922,7.654,10.801,7.058,8.879,12.734,14.352,14.548,14.133,9.968
Papua New Guinea,PNG,GGRev,2.966,3.087,3.237,3.664,4.315,5.307,6.288,7.008,7.041,6.097,8.261,9.28,9.358,9.74,12.513,13.068
Peru,PER,GGRev,34.503,33.611,34.619,37.65,41.81,48.791,60.673,70.145,79.138,72.146,87.632,103.664,112.904,121.786,129.016,128.107
Qatar,QAT,GGRev,24.955,22.755,29.453,30.718,55.725,66.622,87.363,119.827,143.736,181.597,173.867,246.147,317.076,387.098,354.16,290.639
Russia,RUS,GGRev,2642.381,3301.713,4002.442,4804.48,6240.008,8579.637,10625.812,13368.262,16169.099,13599.718,16031.93,20855.368,23435.105,24442.686,26371.059,26250.596
Saudi Arabia,SAU,GGRev,295.236,293.837,262.405,333.007,455.814,637.853,757.73,726.487,1179.701,578.569,822.077,1193.379,1383.135,1303.798,1193.446,874.736
Sierra Leone,SLE,GGRev,257.534,302.692,400.027,467.001,616.343,767.853,842.194,2129.282,948.41,1257.997,1560.742,2170.759,2506.07,2827.586,3115.372,3178.64
Sudan,SDN,GGRev,3.263,3.7,4.707,7.419,11.471,15.331,17.451,20.242,27.378,18.986,29.245,32.357,22.266,34.311,49.413,55.605
Suriname,SUR,GGRev,0.298,0.644,0.654,0.857,1.072,1.271,1.52,1.891,2.311,2.693,2.725,3.853,4.13,4.082,3.94,3.74
Syrian Arab Republic,SYR,GGRev,246.311,306.017,295.754,321.564,343.923,358.047,435.294,459.069,491.205,601.185,582.024,#N/A,#N/A,#N/A,#N/A,#N/A
Tanzania,TZA,GGRev,1147.854,1322.038,1633.982,1997.897,2475.326,2915.485,3364.107,4453.943,5424.305,5918.763,6785.442,8221.254,9623.533,10970.332,12479.404,14364.153
Timor Leste,TLS,GGRev,0.006,0.019,0.034,0.043,0.178,0.214,0.678,1.362,2.561,1.763,2.422,3.568,4.093,4.058,2.434,1.745
Trinidad and Tobago ,TTO,GGRev,13.722,15.258,13.03,17.923,22.381,30.436,42.888,43.768,64.388,41.517,44.537,51.527,52.84,57.264,57.028,55.942
Turkmenistan,TKM,GGRev,1.232,1.573,1.649,2.741,2.991,3.657,4.495,4.684,10.323,11.768,10.17,15.218,21.046,20.379,22.189,22.583
United Arab Emirates,ARE,GGRev,160.033,122.462,92.822,110.515,143.565,238.715,333.814,373.722,486.951,286.053,364.131,482.329,550.034,581.339,535.717,409.41
Uzbekistan,UZB,GGRev,1191.468,1687.944,2644.204,3288.545,3944.687,4900.016,7139.908,10030.299,15357.337,18009.672,22865.398,31294.161,40112.898,43436.671,51478.493,58680.955
Venezuela,VEN,GGRev,26.081,24.287,31.821,43.419,73.131,114.413,148.36,163.878,212.889,173.87,215.722,378.475,384.821,516.625,906.591,1051.318
Vietnam,VNM,GGRev,90749,103888,121716,152957,190889,228288.32,279472,325437.9,429523,462877.9,588234,719403,733446,820954,845773,911275.046
Yemen,YEM,GGRev,588.689,553.084,567.672,672.293,820.564,1121.288,1449.679,1429.017,1973.749,1274.598,1774.415,1772.542,2268.593,2075.69,2196.383,1695.107
Zambia,ZMB,GGRev,2.528,3.263,4.256,5.104,6.173,7.467,16.825,10.626,12.606,12.182,15.198,20.233,24.541,26.635,31.446,34.067
Algeria,DZA,GGExpCh,,0.121299831,0.173817663,0.090741536,0.118493822,0.084718589,0.196073463,0.26884717,0.345644622,0.007228928,0.051859566,0.318395154,0.205807586,-0.136869555,0.116094157,0.056869416
Angola,AGO,GGExpCh,,0.817364348,1.513313413,1.200468826,0.282716546,0.457684955,0.507224624,0.481614123,0.83293798,-0.28255262,0.208680434,0.294500113,0.158169718,0.074729718,-0.042198182,-0.228133222
Azerbaijan,AZE,GGExpCh,,0.009155646,0.691532258,0.21454112,0.082433759,0.286944696,0.774216273,0.460393091,0.608075041,0.016823062,0.118224144,0.291301115,0.138991248,0.108684663,0.016961517,-0.004931851
Bahrain,BHR,GGExpCh,,0.214739517,0.20292887,0.06,0.056603774,0.162267081,0.120908484,0.137067938,0.198113208,-0.032808399,0.248303935,0.088043478,0.138195138,0.031889994,0.09016161,0.033029909
Bolivia,BOL,GGExpCh,,0.129146686,0.097853278,0.04938795,0.137201434,0.134902309,0.07097582,0.228810463,0.267875725,0.022441083,-0.003944773,0.353281142,0.147584775,0.207140421,0.210837898,-0.040361519
Botswana,BWA,GGExpCh,,0.185072816,0.149147831,0.036028008,0.068014254,0.01432434,0.119385209,0.257637939,0.416082507,0.123470839,-0.027171436,0.006533566,0.053480914,0.024401021,0.228444764,0.056375944
Brunei Darussalam,BRN,GGExpCh,,-0.082131224,0.217490494,-0.185925463,0.250127877,0.044803601,0.099079695,0.068590771,0.024674892,-0.017572405,0.119907254,0.023661639,0.065732447,0.030500203,-0.034069982,-0.021789459
Cameroon,CMR,GGExpCh,,0.087885443,0.001510254,0.023040071,0.091912274,-0.039720667,0.068585054,0.118857104,0.296186735,-0.025096517,0.070246821,0.24633057,0.02509265,0.211692658,0.10825975,0.056527012
Chad,TCD,GGExpCh,,0.085137795,0.271201814,0.241883696,-0.032525136,0.202412272,0.339141515,0.307986649,0.232786076,0.209703926,0.218122741,-0.003123785,0.177220127,-0.032105447,0.038004488,-0.192734135
Chile,CHL,GGExpCh,,0.090571021,0.068108203,0.045309331,0.070542967,0.105113775,0.101848142,0.140743396,0.163078438,0.168565458,0.113535956,0.064011535,0.085786132,0.061550327,0.098098482,0.113605182
Colombia,COL,GGExpCh,,0.128603161,0.100398123,0.107765221,0.072555288,0.075728186,0.240999077,0.11297731,0.058530283,0.164931549,0.075161569,0.111434104,0.054745209,0.100025746,0.103687638,0.031458667
"Congo, Republic of",COG,GGExpCh,,-0.140321713,0.161298104,0.03909293,0.084257931,0.182005455,0.447677252,0.069839981,0.04505417,-0.110176734,0.14110531,0.39175941,0.423523445,0.011560236,0.069860279,0.005510682
Dem. Rep. of Congo,ZAR,GGExpCh,,#N/A,#N/A,#N/A,#N/A,#N/A,#N/A,#N/A,#N/A,#N/A,#N/A,#N/A,#N/A,#N/A,#N/A,#N/A
Ecuador,ECU,GGExpCh,,0.163231462,0.245213849,0.077363428,0.13405192,0.18875502,0.118018018,0.264504432,0.733471404,-0.052936311,0.170451237,0.2931642,0.134604905,0.175538227,0.064989064,-0.088465618
Equatorial Guinea,GNQ,GGExpCh,,-0.113332296,-0.021305056,0.575792058,0.90312554,0.257077398,0.565400837,0.292620996,0.426313822,0.607157493,-0.109873239,0.099395952,0.454091733,-0.18556465,-0.089981961,-0.065649481
Gabon,GAB,GGExpCh,,0.313009214,-0.070247962,-0.157148649,0.065899008,0.211420287,0.08299072,0.030040735,0.137334938,-0.013598135,0.266345908,0.385561458,0.097839416,-0.011927582,-0.141630717,-0.035506556
Ghana,GHA,GGExpCh,,0.524813896,0.04637917,0.535769829,0.362025316,0.14535316,0.321648815,0.30132613,0.389130025,0.165874202,0.399207644,0.317954697,0.460255276,0.12310688,0.230475824,0.066036259
Guinea,GIN,GGExpCh,,0.247290034,0.039073288,0.205597092,0.049344979,0.234764198,0.588274664,-0.203457535,0.413029906,0.621423678,0.536014503,-0.099663316,0.427113662,0.042860527,0.295402312,0.203015104
Guyana,GUY,GGExpCh,,0.083142578,0.012813123,0.058469036,0.071533933,0.249009366,0.1352657,0.040157873,0.053855078,0.110689898,0.048424598,0.134796639,0.136103977,0.01035401,0.179720284,0.051347876
Indonesia,IDN,GGExpCh,,0.51016665,-0.039600515,0.18654127,0.118648063,0.181488913,0.276735784,0.198171918,0.304827033,-0.02536215,0.132462393,0.193134726,0.173451699,0.123048557,0.085784409,0.04245025
Iran,IRN,GGExpCh,,0.200928706,0.640387433,0.220431525,0.181784653,0.512920545,0.255023859,0.093297397,0.342082579,-0.022469843,0.132493323,0.296710974,-0.126525096,0.361683358,0.180774428,0.160874721
Iraq,IRQ,GGExpCh,,#N/A,#N/A,#N/A,#N/A,-0.045327364,0.035097845,0.068548627,0.748898347,-0.144417138,0.044509225,0.173116845,0.15689845,0.203602585,-0.146337096,-0.078709448
Kazakhstan,KAZ,GGExpCh,,#N/A,#N/A,0.270561159,0.309607551,0.302414597,0.20377431,0.506256552,0.426566144,-0.081360529,0.228215656,0.223226908,0.133222258,0.049273152,0.218139827,0.045714051
Kuwait,KWT,GGExpCh,,0.086052009,0.056160209,0.088417148,0.134444234,0.107494575,0.417483044,0.042955875,0.632072586,-0.196202136,0.150606155,0.122450358,0.111318371,0.013319617,0.177771841,-0.038744216
Libya,LBY,GGExpCh,,0.454662973,0.393043037,0.319146997,0.26044905,-0.013757194,0.250027787,0.277152892,0.515438438,0.055427941,0.100224171,-0.537782877,0.967730891,0.264365566,-0.240052982,0.014441577
Malaysia,MYS,GGExpCh,,0.089279971,0.045313206,0.130037956,0.043898705,0.04541237,0.144254926,0.128583492,0.203324447,0.062356924,-0.039021345,0.130092085,0.116669395,0.033457276,0.031540383,0.006164165
Mali,MLI,GGExpCh,,0.142403558,0.160182683,0.052556611,0.099905095,0.138728259,0.117372196,0.05355757,-0.012765957,0.32545156,-0.023856978,0.174283923,-0.215973903,0.325017155,0.20745764,0.067185573
Mauritania,MRT,GGExpCh,,#N/A,#N/A,#N/A,#N/A,0.111527121,0.202923308,0.104782335,0.112238109,-0.072259592,0.179939644,0.204334492,0.327139382,0.01578301,0.09699548,-0.002623647
Mexico,MEX,GGExpCh,,0.064292834,0.101210752,0.067372035,0.080395325,0.121773097,0.175547622,0.10351259,0.196062872,0.032895695,0.087103693,0.098998478,0.09620086,0.051786703,0.058462833,-0.012549081
Mongolia,MNG,GGExpCh,,0.158712883,0.124049987,0.118572666,0.222040331,0.016109505,0.37971245,0.658603843,0.409826022,-0.052758785,0.318430817,0.622054835,0.299350015,0.18415196,0.107937156,0.005166069
Myanmar,MMR,GGExpCh,,0.127080207,0.280411413,0.45867545,0.188642879,0.394363191,0.543761879,0.310538658,0.065710143,0.22720366,0.230463324,0.072276463,0.658606425,0.154397083,0.316356706,0.233985053
Namibia,NAM,GGExpCh,,0.148548524,0.127115059,0.097485457,0.044712319,0.05613748,0.106849527,0.114875744,0.235087279,0.218912049,0.1414331,0.263346366,0.083126048,0.210211493,0.243358341,0.1050063
Nigeria,NGA,GGExpCh,,0.470772817,-0.1249623,0.405426091,0.029127333,0.339675307,-0.166127978,0.681272068,-0.056619235,0.216739448,0.348646696,0.195224053,-0.073666871,0.061974479,0.002323891,-0.062667116
Norway,NOR,GGExpCh,,0.078838293,0.051670059,0.068026201,0.031723453,0.036315117,0.068541292,0.064370797,0.093991034,0.078657366,0.043604186,0.051294398,0.043012275,0.061820243,0.065362156,0.034202579
Oman,OMN,GGExpCh,,0.063248503,0.065821894,0.066380449,0.151440074,0.124529317,0.176751973,0.159756098,0.203470032,0.036260376,0.07405846,0.34489075,0.263060609,0.046599399,0.074035914,-0.07167329
Papua New Guinea,PNG,GGExpCh,,0.125691957,0.074052647,0.026393752,0.077407505,0.192888456,0.05839118,0.027199074,0.22028169,0.2677747,-0.096746783,0.177798683,0.184732999,0.203890976,0.19536,0.048454022
Peru,PER,GGExpCh,,-0.019830473,-0.004911119,0.098465748,0.077845335,0.129494121,0.100427222,0.083424468,0.170808028,0.123243383,0.120569009,0.06349605,0.10893321,0.140650107,0.100631386,0.068013941
Qatar,QAT,GGExpCh,,0.010397674,0.11192938,0.105837975,0.431976836,0.406198931,0.322624488,0.284480319,0.15894677,0.226775246,0.1726306,0.261323412,0.196634541,0.079410789,0.044768665,0.020955307
Russia,RUS,GGExpCh,,0.256713138,0.301589744,0.17557293,0.171670017,0.261822221,0.227923166,0.358599193,0.244182445,0.133595069,0.097724773,0.134985266,0.159046235,0.091314639,0.076115967,0.066819969
Saudi Arabia,SAU,GGExpCh,,0.080894427,0.011160197,0.050994387,0.173008297,0.10768232,0.102150308,0.189355963,0.147497241,0.141301711,0.116494218,0.239468644,0.096142719,0.084093899,0.138215026,0.01191549
Sierra Leone,SLE,GGExpCh,,0.302625655,0.27345967,0.162705018,0.157384628,0.21337262,0.079762068,-0.101358546,0.446403734,0.202615354,0.428255402,0.327027569,0.220177969,-0.00618668,0.152330552,0.112588075
Sudan,SDN,GGExpCh,,0.146327522,0.255048616,0.388756456,0.623086826,0.491759937,0.093046612,0.268403416,0.139125618,-0.057419669,0.143543138,0.109803922,-0.069983427,0.394001547,0.297764056,0.179540555
Suriname,SUR,GGExpCh,,0.290123457,0.341307815,-0.045184304,0.403486924,0.181011535,0.084898573,0.186980609,0.257876313,0.365955473,0.04991511,0.222186287,0.260386346,0.098887256,-0.080053496,-0.005815161
Syrian Arab Republic,SYR,GGExpCh,,0.090815094,0.126029229,0.101266141,0.132041676,0.06941729,0.071107488,0.142524382,0.080649167,0.200866874,0.186068695,#N/A,#N/A,#N/A,#N/A,#N/A
Tanzania,TZA,GGExpCh,,0.120984906,0.261991519,0.308611293,0.278638978,0.229335979,0.172764841,0.163809253,0.250935992,0.255235447,0.166370856,0.138172456,0.203109434,0.131384468,0.131262004,0.165117399
Timor Leste,TLS,GGExpCh,,#N/A,#N/A,0.147540984,0,0.342857143,0.223404255,1.182608696,1.270916335,0.059649123,0.258278146,0.453947368,0.128506787,-0.133119487,0.205365402,0.044512663
Trinidad and Tobago ,TTO,GGExpCh,,0.191514437,-0.079809594,0.124554921,0.251388972,0.267961999,0.356664157,0.081314351,0.311064343,0.051954662,-0.079014459,0.043118951,0.03157385,0.140061966,0.05863557,-0.018265551
Turkmenistan,TKM,GGExpCh,,0.208101668,0.073635766,0.407838334,0.212701174,0.260043042,-0.053230857,0.091100421,0.481124277,0.436837209,0.149553282,0.371930615,0.206486043,0.282749234,0.119310345,0.111521873
United Arab Emirates,ARE,GGExpCh,,0.16155181,-0.101180527,0.064229674,0.04991208,0.086340515,0.220662447,0.311818004,0.52076257,0.281418595,0.052590717,0.170305499,-0.001337718,0.08380291,0.029660129,0.004325221
Uzbekistan,UZB,GGExpCh,,0.379305034,0.586467099,0.17282696,0.185158503,0.214443465,0.28166433,0.422553847,0.343789471,0.4453129,0.190353023,0.232073646,0.308177013,0.251912184,0.225068255,0.197135514
Venezuela,VEN,GGExpCh,,0.258951946,0.177845134,0.292318741,0.571663425,0.502143583,0.517060445,0.149481837,0.329229541,-0.004391959,0.364644735,0.668718955,0.22125509,0.280502453,0.636463122,0.441309559
Vietnam,VNM,GGExpCh,,0.175777686,0.145363857,0.286983191,0.112718468,0.244270246,0.156289166,0.266300588,0.24805167,0.307238624,0.132743912,0.156220907,0.274179771,0.08108956,0.025327026,0.130164928
Yemen,YEM,GGExpCh,,0.026193437,0.140782341,0.319925135,0.147680243,0.347130776,0.191007503,0.237306399,0.275438421,-0.190430083,0.141909251,0.018547653,0.316025624,-0.02656916,-0.035178991,-0.149746958
Zambia,ZMB,GGExpCh,,0.723936614,0.230285438,0.245969328,0.091841565,0.206821795,0.083952096,0.238426693,0.164599875,0.055078903,0.275176069,0.267835791,0.288229218,0.265922956,0.118662738,0.076781055
Algeria,DZA,GGRevCh,,-0.062766172,0.083956233,0.214655046,0.137477105,0.391622746,0.180763843,0.013170655,0.407491357,-0.291787084,0.195122389,0.317932081,0.104545685,-0.068472927,-0.038034452,-0.115365435
Angola,AGO,GGRevCh,,0.879669518,1.112887511,1.069305582,0.543907541,0.780988902,0.551816836,0.260933478,0.514291349,-0.356712945,0.592229529,0.449298587,0.058133446,-0.040617135,-0.108431171,-0.292636486
Azerbaijan,AZE,GGRevCh,,-0.008991009,0.668346774,0.155287009,0.19665272,0.373688811,0.671333121,0.524271845,1.426127139,-0.260372696,0.34924833,0.201485608,-0.062682466,0.042277391,-0.008349813,-0.175758919
Bahrain,BHR,GGRevCh,,-0.092421442,0.045824847,0.11587147,0.135253054,0.284396618,0.101735488,0.107007061,0.323846909,-0.35915493,0.270098323,0.294626594,0.073865635,-0.019652801,0.040093552,-0.097976229
Bolivia,BOL,GGRevCh,,0.017535937,0.027366864,0.074730022,0.250066988,0.276941214,0.320785597,0.125663267,0.325307666,-0.071007177,0.048327564,0.315524745,0.175779237,0.170594806,0.098061477,-0.077237829
Botswana,BWA,GGRevCh,,-0.09986543,0.126839248,0.130577474,0.109134704,0.281211716,0.202060153,0.035723325,0.031803107,-0.017999729,0.075558159,0.233686773,0.081455131,0.167927201,0.065477047,0.065582311
Brunei Darussalam,BRN,GGRevCh,,-0.167584579,0.008506616,0.155107779,0.247667343,0.294748821,0.210949272,-0.31231854,1.157117008,-0.536138683,0.232670283,0.567114914,-0.145955223,-0.04649251,-0.038701025,-0.521474838
Cameroon,CMR,GGRevCh,,0.025503245,0.067210802,-0.039939571,0.011739575,0.236411879,1.797677631,-0.553634064,0.115138231,-0.130148395,0.007327896,0.159849199,0.078065289,0.081125346,0.046126967,-0.001778697
Chad,TCD,GGRevCh,,0.148046962,0.269230769,0.253471167,0.106799806,0.470304407,0.561784383,0.295198162,0.280378503,-0.37173844,0.631815829,0.330190365,0.084628792,-0.136860897,-0.075824566,-0.195888491
Chile,CHL,GGRevCh,,0.10063437,0.036421345,0.080164187,0.198085007,0.232177923,0.258064864,0.149953986,-0.017701806,-0.180774872,0.31394478,0.145929331,0.053461407,0.011243939,0.054935053,0.08564182
Colombia,COL,GGRevCh,,0.136003465,0.078495319,0.141264217,0.13042382,0.129186973,0.198110153,0.118568799,0.081163469,0.064778351,0.054328877,0.165133429,0.1365292,0.061349067,0.086923445,-0.035488431
"Congo, Republic of",COG,GGRevCh,,0.036822189,-0.089285516,0.066188866,0.215647922,0.67028694,0.441759653,-0.120685412,0.581293387,-0.465508943,0.671610123,0.297059878,0.028265377,0.049364877,-0.082973068,-0.181123411
Dem. Rep. of Congo,ZAR,GGRevCh,,#N/A,#N/A,#N/A,#N/A,#N/A,#N/A,#N/A,#N/A,#N/A,#N/A,#N/A,#N/A,#N/A,#N/A,#N/A
Ecuador,ECU,GGRevCh,,0.180454545,0.218713901,0.091627172,0.183357453,0.118503119,0.231467308,0.194264406,0.640175452,-0.166983954,0.261617151,0.345208315,0.108368067,0.077813133,0.049624262,-0.108900765
Equatorial Guinea,GNQ,GGRevCh,,1.116929965,0.19104023,0.136749002,0.641738935,0.823068421,0.491807127,0.097348994,0.321963019,-0.224032419,-0.091701023,0.324555739,0.121333311,-0.163309033,-0.101400494,-0.255105138
Gabon,GAB,GGRevCh,,-0.028128566,-0.071343609,0.004852743,0.042602731,0.256000371,0.103484342,0.034075543,0.269862676,-0.189096057,0.0883238,0.355606289,0.061100014,-0.006177571,-0.09613223,-0.203850945
Ghana,GHA,GGRevCh,,0.768089054,0.004197272,0.724137931,0.39030303,0.147776809,0.212305355,0.269423559,0.18780849,0.250155828,0.278710321,0.487002859,0.217987938,0.121636168,0.335508637,0.226789307
Guinea,GIN,GGRevCh,,0.206182273,0.010025224,0.086391596,0.078412087,0.588011365,0.469677839,0.092812011,0.279167191,0.092697064,0.162512389,0.602780146,0.325681137,-0.055569281,0.398788144,-0.018614301
Guyana,GUY,GGRevCh,,0.016991327,0.072317372,-0.05974771,0.183318311,0.094319447,0.161778682,0.147396679,0.058753238,0.127564328,0.073044151,0.123492016,0.072283272,0.023008101,0.163057098,0.070453961
Indonesia,IDN,GGRevCh,,0.564902083,0.019768951,0.155719964,0.171741829,0.228107894,0.271562516,0.115119281,0.378163956,-0.121925857,0.161293499,0.24439531,0.112163377,0.098393949,0.07295367,0.024846436
Iran,IRN,GGRevCh,,-0.094392418,0.583276403,0.262530578,0.322400142,0.430434896,0.212317501,0.355115298,0.027876984,-0.010514107,0.245509285,0.146766525,-0.156109633,0.306143705,0.147034897,0.074753646
Iraq,IRQ,GGRevCh,,#N/A,#N/A,#N/A,#N/A,0.657835641,0.179458721,0.030688413,0.472643853,-0.318760973,0.219465744,0.421255744,0.142356238,-0.033752975,-0.09558209,-0.205314611
Kazakhstan,KAZ,GGRevCh,,0.467617036,0.016686653,0.37906147,0.23258344,0.47921031,0.315328345,0.321633986,0.225727734,-0.170927007,0.387020889,0.462351297,0.069646336,0.090696536,0.057065963,-0.16593817
Kuwait,KWT,GGRevCh,,-0.02877789,-0.074141757,0.092485549,0.275261324,0.705322809,0.115831949,0.169378856,0.091181955,-0.118071184,0.105099003,0.326747915,0.153870947,0.008882682,-0.046043524,-0.316760993
Libya,LBY,GGRevCh,,-0.034740061,0.62843746,0.292918288,0.400746358,0.607640083,0.215005479,0.167938931,0.37305758,-0.426780252,0.471880534,-0.729871228,3.49705068,-0.267044998,-0.609309375,-0.398457584
Malaysia,MYS,GGRevCh,,0.205633914,0.055984198,0.106362969,0.086628369,0.062314642,0.162027222,0.131635574,0.167017427,-0.036937436,0.009964958,0.179052369,0.118346759,0.009073828,0.054507525,0.006769392
Mali,MLI,GGRevCh,,0.120837851,0.156618573,0.17481366,0.039945725,0.114067317,1.893585155,-0.59400267,0.015400121,0.239293324,0.018359276,0.121595585,-0.117906206,0.243291789,0.168601494,0.034739873
Mauritania,MRT,GGRevCh,,0.108709622,0.534811066,0.102356983,0.089652752,0.085957029,0.564452353,-0.072908956,-0.00418188,-0.029904523,0.320353367,0.236871334,0.436787178,-0.092240089,0.003179838,0.078027014
Mexico,MEX,GGRevCh,,0.063491762,0.091867169,0.12591475,0.135698453,0.124943902,0.193099559,0.095405973,0.21135169,-0.127740393,0.125000984,0.144767563,0.083421369,0.048758506,0.023900309,-0.004042578
Mongolia,MNG,GGRevCh,,0.222264909,0.110710386,0.161071504,0.287467864,0.1749302,0.623676088,0.382295778,0.154151925,-0.081264485,0.565796521,0.431132358,0.113605937,0.202519267,0.023064687,0.010555383
Myanmar,MMR,GGRevCh,,0.2167852,0.418106852,0.272189232,0.271197893,0.570686825,0.488375826,0.328426094,0.11401191,0.017043477,0.216879254,0.142695144,1.144441767,0.137447986,0.219603951,0.151643734
Namibia,NAM,GGRevCh,,0.101456554,0.150478796,-0.015755054,0.105305547,0.152472903,0.259622224,0.237796461,0.153335361,0.049268228,-0.014073888,0.201546436,0.271267944,0.100934527,0.230856681,0.116807947
Nigeria,NGA,GGRevCh,,0.131324458,0.044736739,0.190048998,0.476802896,0.295911148,0.129411028,-0.07046535,0.400076757,-0.430862337,0.539806658,0.63956461,-0.077900196,-0.140805281,-0.016342642,-0.063087396
Norway,NOR,GGRevCh,,0.033795925,-0.036807197,0.027980525,0.116147734,0.132566692,0.143790038,0.043847529,0.127360304,-0.100437954,0.059016216,0.101317752,0.054131907,0.008800716,0.014778617,0.004485359
Oman,OMN,GGRevCh,,-0.061136547,0.003729203,0.083738211,0.136867089,0.324982603,0.211834734,0.105749783,0.411157565,-0.346541987,0.258005101,0.434170515,0.12706141,0.013656633,-0.028526258,-0.294700347
Papua New Guinea,PNG,GGRevCh,,0.040795684,0.048590865,0.131912264,0.177674672,0.229895713,0.184850198,0.114503817,0.004708904,-0.134071865,0.354928653,0.123350684,0.008405172,0.040820688,0.284702259,0.044353872
Peru,PER,GGRevCh,,-0.025852824,0.029990182,0.087553078,0.110491368,0.166969624,0.24352852,0.15611557,0.128205859,-0.088351993,0.214648075,0.182946869,0.089134126,0.078668603,0.05936643,-0.007045638
Qatar,QAT,GGRevCh,,-0.088158686,0.294352889,0.042949784,0.814082948,0.195549574,0.311323587,0.371598961,0.199529321,0.263406523,-0.042566782,0.415720062,0.288157077,0.220836645,-0.085089564,-0.179356788
Russia,RUS,GGRevCh,,0.249521927,0.212231954,0.200387164,0.298789463,0.374940064,0.238492025,0.258093217,0.209513922,-0.158906875,0.178842826,0.300864462,0.123696547,0.042994516,0.078893662,-0.004568
Saudi Arabia,SAU,GGRevCh,,-0.004738582,-0.106970872,0.269057373,0.368782038,0.399371235,0.187938287,-0.041232365,0.623843235,-0.509563016,0.420879791,0.451663287,0.159007323,-0.057360272,-0.084638878,-0.267050206
Sierra Leone,SLE,GGRevCh,,0.175347721,0.321564495,0.167423699,0.319789465,0.245820915,0.096816708,1.52825596,-0.554586945,0.326427389,0.240656377,0.390850634,0.15446717,0.1282949,0.101777983,0.020308329
Sudan,SDN,GGRevCh,,0.133925835,0.272162162,0.576163161,0.546165251,0.336500741,0.138281912,0.159933528,0.352534335,-0.306523486,0.540345518,0.106411352,-0.311864512,0.54095931,0.440150389,0.125311153
Suriname,SUR,GGRevCh,,1.161073826,0.01552795,0.310397554,0.250875146,0.185634328,0.195908733,0.244078947,0.222104707,0.165296408,0.011882659,0.413944954,0.071892032,-0.011622276,-0.034786869,-0.050761421
Syrian Arab Republic,SYR,GGRevCh,,0.242400867,-0.033537353,0.087268473,0.069532037,0.041067332,0.215745419,0.054618258,0.070002549,0.223898372,-0.031872053,#N/A,#N/A,#N/A,#N/A,#N/A
Tanzania,TZA,GGRevCh,,0.151747522,0.235956909,0.222716652,0.238965773,0.177818598,0.153875599,0.323959969,0.217865833,0.09115601,0.146429076,0.211601838,0.170567531,0.139948499,0.137559374,0.151028767
Timor Leste,TLS,GGRevCh,,2.166666667,0.789473684,0.264705882,3.139534884,0.202247191,2.168224299,1.008849558,0.880323054,-0.311597032,0.373794668,0.473162675,0.147141256,-0.008551185,-0.400197141,-0.283073131
Trinidad and Tobago ,TTO,GGRevCh,,0.111937035,-0.146021759,0.375518035,0.248730681,0.35990349,0.409120778,0.02051856,0.471120453,-0.355205939,0.072741287,0.156948155,0.025481786,0.083724451,-0.004121263,-0.019043277
Turkmenistan,TKM,GGRevCh,,0.276785714,0.048315321,0.662219527,0.091207588,0.222668004,0.229149576,0.042046719,1.203885568,0.139978688,-0.135791978,0.496361849,0.382967538,-0.031692483,0.088816919,0.017756546
United Arab Emirates,ARE,GGRevCh,,-0.234770329,-0.242034264,0.190612139,0.299054427,0.662765994,0.39837882,0.119551607,0.302976544,-0.412563071,0.272949418,0.324602959,0.140370992,0.056914663,-0.078477446,-0.235771872
Uzbekistan,UZB,GGRevCh,,0.416692685,0.566523534,0.243680518,0.199523497,0.242181192,0.457119324,0.404821883,0.531094636,0.172708003,0.269617681,0.368625248,0.281801356,0.082860456,0.185139004,0.13991206
Venezuela,VEN,GGRevCh,,-0.068785706,0.310207107,0.364476289,0.684308713,0.564493853,0.296705794,0.104596926,0.29907004,-0.183283307,0.240708575,0.754457125,0.01676729,0.342507296,0.754833777,0.15963869
Vietnam,VNM,GGRevCh,,0.144783965,0.171607885,0.256671268,0.247991266,0.195921818,0.224206302,0.16447408,0.319830911,0.077655679,0.270818935,0.222987791,0.019520352,0.11931076,0.030231901,0.077446367
Yemen,YEM,GGRevCh,,-0.06048185,0.02637574,0.184298327,0.220545209,0.366484516,0.29286945,-0.01425281,0.381193506,-0.354224879,0.392136972,-0.001055559,0.279852889,-0.085032,0.058145966,-0.228227955
Zambia,ZMB,GGRevCh,,0.290743671,0.304321177,0.19924812,0.209443574,0.20962255,1.253247623,-0.368439822,0.186335404,-0.033634777,0.247578394,0.331293591,0.212919488,0.085326596,0.180626995,0.083349234