country,iso,year,Change in general government total expenditure,Change in general government revenue
Algeria,DZA,2000,,
Angola,AGO,2000,,
Azerbaijan,AZE,2000,,
Bahrain,BHR,2000,,
Bolivia,BOL,2000,,
Botswana,BWA,2000,,
Brunei Darussalam,BRN,2000,,
Cameroon,CMR,2000,,
Chad,TCD,2000,,
Chile,CHL,2000,,
Colombia,COL,2000,,
"Congo, Republic of",COG,2000,,
Dem. Rep. of Congo,ZAR,2000,,
Ecuador,ECU,2000,,
Equatorial Guinea,GNQ,2000,,
Gabon,GAB,2000,,
Ghana,GHA,2000,,
Guinea,GIN,2000,,
Guyana,GUY,2000,,
Indonesia,IDN,2000,,
Iran,IRN,2000,,
Iraq,IRQ,2000,,
Kazakhstan,KAZ,2000,,
Kuwait,KWT,2000,,
Libya,LBY,2000,,
Malaysia,MYS,2000,,
Mali,MLI,2000,,
Mauritania,MRT,2000,,
Mexico,MEX,2000,,
Mongolia,MNG,2000,,
Myanmar,MMR,2000,,
Namibia,NAM,2000,,
Nigeria,NGA,2000,,
Norway,NOR,2000,,
Oman,OMN,2000,,
Papua New Guinea,PNG,2000,,
Peru,PER,2000,,
Qatar,QAT,2000,,
Russia,RUS,2000,,
Saudi Arabia,SAU,2000,,
Sierra Leone,SLE,2000,,
Sudan,SDN,2000,,
Suriname,SUR,2000,,
Syrian Arab Republic,SYR,2000,,
Tanzania,TZA,2000,,
Timor Leste,TLS,2000,,
Trinidad and Tobago ,TTO,2000,,
Turkmenistan,TKM,2000,,
United Arab Emirates,ARE,2000,,
Uzbekistan,UZB,2000,,
Venezuela,VEN,2000,,
Vietnam,VNM,2000,,
Yemen,YEM,2000,,
Zambia,ZMB,2000,,
Algeria,DZA,2001,0.121299831,-0.062766172
Angola,AGO,2001,0.817364348,0.879669518
Azerbaijan,AZE,2001,0.009155646,-0.008991009
Bahrain,BHR,2001,0.214739517,-0.092421442
Bolivia,BOL,2001,0.129146686,0.017535937
Botswana,BWA,2001,0.185072816,-0.09986543
Brunei Darussalam,BRN,2001,-0.082131224,-0.167584579
Cameroon,CMR,2001,0.087885443,0.025503245
Chad,TCD,2001,0.085137795,0.148046962
Chile,CHL,2001,0.090571021,0.10063437
Colombia,COL,2001,0.128603161,0.136003465
"Congo, Republic of",COG,2001,-0.140321713,0.036822189
Dem. Rep. of Congo,ZAR,2001,,
Ecuador,ECU,2001,0.163231462,0.180454545
Equatorial Guinea,GNQ,2001,-0.113332296,1.116929965
Gabon,GAB,2001,0.313009214,-0.028128566
Ghana,GHA,2001,0.524813896,0.768089054
Guinea,GIN,2001,0.247290034,0.206182273
Guyana,GUY,2001,0.083142578,0.016991327
Indonesia,IDN,2001,0.51016665,0.564902083
Iran,IRN,2001,0.200928706,-0.094392418
Iraq,IRQ,2001,,
Kazakhstan,KAZ,2001,,0.467617036
Kuwait,KWT,2001,0.086052009,-0.02877789
Libya,LBY,2001,0.454662973,-0.034740061
Malaysia,MYS,2001,0.089279971,0.205633914
Mali,MLI,2001,0.142403558,0.120837851
Mauritania,MRT,2001,,0.108709622
Mexico,MEX,2001,0.064292834,0.063491762
Mongolia,MNG,2001,0.158712883,0.222264909
Myanmar,MMR,2001,0.127080207,0.2167852
Namibia,NAM,2001,0.148548524,0.101456554
Nigeria,NGA,2001,0.470772817,0.131324458
Norway,NOR,2001,0.078838293,0.033795925
Oman,OMN,2001,0.063248503,-0.061136547
Papua New Guinea,PNG,2001,0.125691957,0.040795684
Peru,PER,2001,-0.019830473,-0.025852824
Qatar,QAT,2001,0.010397674,-0.088158686
Russia,RUS,2001,0.256713138,0.249521927
Saudi Arabia,SAU,2001,0.080894427,-0.004738582
Sierra Leone,SLE,2001,0.302625655,0.175347721
Sudan,SDN,2001,0.146327522,0.133925835
Suriname,SUR,2001,0.290123457,1.161073826
Syrian Arab Republic,SYR,2001,0.090815094,0.242400867
Tanzania,TZA,2001,0.120984906,0.151747522
Timor Leste,TLS,2001,,2.166666667
Trinidad and Tobago ,TTO,2001,0.191514437,0.111937035
Turkmenistan,TKM,2001,0.208101668,0.276785714
United Arab Emirates,ARE,2001,0.16155181,-0.234770329
Uzbekistan,UZB,2001,0.379305034,0.416692685
Venezuela,VEN,2001,0.258951946,-0.068785706
Vietnam,VNM,2001,0.175777686,0.144783965
Yemen,YEM,2001,0.026193437,-0.06048185
Zambia,ZMB,2001,0.723936614,0.290743671
Algeria,DZA,2002,0.173817663,0.083956233
Angola,AGO,2002,1.513313413,1.112887511
Azerbaijan,AZE,2002,0.691532258,0.668346774
Bahrain,BHR,2002,0.20292887,0.045824847
Bolivia,BOL,2002,0.097853278,0.027366864
Botswana,BWA,2002,0.149147831,0.126839248
Brunei Darussalam,BRN,2002,0.217490494,0.008506616
Cameroon,CMR,2002,0.001510254,0.067210802
Chad,TCD,2002,0.271201814,0.269230769
Chile,CHL,2002,0.068108203,0.036421345
Colombia,COL,2002,0.100398123,0.078495319
"Congo, Republic of",COG,2002,0.161298104,-0.089285516
Dem. Rep. of Congo,ZAR,2002,,
Ecuador,ECU,2002,0.245213849,0.218713901
Equatorial Guinea,GNQ,2002,-0.021305056,0.19104023
Gabon,GAB,2002,-0.070247962,-0.071343609
Ghana,GHA,2002,0.04637917,0.004197272
Guinea,GIN,2002,0.039073288,0.010025224
Guyana,GUY,2002,0.012813123,0.072317372
Indonesia,IDN,2002,-0.039600515,0.019768951
Iran,IRN,2002,0.640387433,0.583276403
Iraq,IRQ,2002,,
Kazakhstan,KAZ,2002,,0.016686653
Kuwait,KWT,2002,0.056160209,-0.074141757
Libya,LBY,2002,0.393043037,0.62843746
Malaysia,MYS,2002,0.045313206,0.055984198
Mali,MLI,2002,0.160182683,0.156618573
Mauritania,MRT,2002,,0.534811066
Mexico,MEX,2002,0.101210752,0.091867169
Mongolia,MNG,2002,0.124049987,0.110710386
Myanmar,MMR,2002,0.280411413,0.418106852
Namibia,NAM,2002,0.127115059,0.150478796
Nigeria,NGA,2002,-0.1249623,0.044736739
Norway,NOR,2002,0.051670059,-0.036807197
Oman,OMN,2002,0.065821894,0.003729203
Papua New Guinea,PNG,2002,0.074052647,0.048590865
Peru,PER,2002,-0.004911119,0.029990182
Qatar,QAT,2002,0.11192938,0.294352889
Russia,RUS,2002,0.301589744,0.212231954
Saudi Arabia,SAU,2002,0.011160197,-0.106970872
Sierra Leone,SLE,2002,0.27345967,0.321564495
Sudan,SDN,2002,0.255048616,0.272162162
Suriname,SUR,2002,0.341307815,0.01552795
Syrian Arab Republic,SYR,2002,0.126029229,-0.033537353
Tanzania,TZA,2002,0.261991519,0.235956909
Timor Leste,TLS,2002,,0.789473684
Trinidad and Tobago ,TTO,2002,-0.079809594,-0.146021759
Turkmenistan,TKM,2002,0.073635766,0.048315321
United Arab Emirates,ARE,2002,-0.101180527,-0.242034264
Uzbekistan,UZB,2002,0.586467099,0.566523534
Venezuela,VEN,2002,0.177845134,0.310207107
Vietnam,VNM,2002,0.145363857,0.171607885
Yemen,YEM,2002,0.140782341,0.02637574
Zambia,ZMB,2002,0.230285438,0.304321177
Algeria,DZA,2003,0.090741536,0.214655046
Angola,AGO,2003,1.200468826,1.069305582
Azerbaijan,AZE,2003,0.21454112,0.155287009
Bahrain,BHR,2003,0.06,0.11587147
Bolivia,BOL,2003,0.04938795,0.074730022
Botswana,BWA,2003,0.036028008,0.130577474
Brunei Darussalam,BRN,2003,-0.185925463,0.155107779
Cameroon,CMR,2003,0.023040071,-0.039939571
Chad,TCD,2003,0.241883696,0.253471167
Chile,CHL,2003,0.045309331,0.080164187
Colombia,COL,2003,0.107765221,0.141264217
"Congo, Republic of",COG,2003,0.03909293,0.066188866
Dem. Rep. of Congo,ZAR,2003,,
Ecuador,ECU,2003,0.077363428,0.091627172
Equatorial Guinea,GNQ,2003,0.575792058,0.136749002
Gabon,GAB,2003,-0.157148649,0.004852743
Ghana,GHA,2003,0.535769829,0.724137931
Guinea,GIN,2003,0.205597092,0.086391596
Guyana,GUY,2003,0.058469036,-0.05974771
Indonesia,IDN,2003,0.18654127,0.155719964
Iran,IRN,2003,0.220431525,0.262530578
Iraq,IRQ,2003,,
Kazakhstan,KAZ,2003,0.270561159,0.37906147
Kuwait,KWT,2003,0.088417148,0.092485549
Libya,LBY,2003,0.319146997,0.292918288
Malaysia,MYS,2003,0.130037956,0.106362969
Mali,MLI,2003,0.052556611,0.17481366
Mauritania,MRT,2003,,0.102356983
Mexico,MEX,2003,0.067372035,0.12591475
Mongolia,MNG,2003,0.118572666,0.161071504
Myanmar,MMR,2003,0.45867545,0.272189232
Namibia,NAM,2003,0.097485457,-0.015755054
Nigeria,NGA,2003,0.405426091,0.190048998
Norway,NOR,2003,0.068026201,0.027980525
Oman,OMN,2003,0.066380449,0.083738211
Papua New Guinea,PNG,2003,0.026393752,0.131912264
Peru,PER,2003,0.098465748,0.087553078
Qatar,QAT,2003,0.105837975,0.042949784
Russia,RUS,2003,0.17557293,0.200387164
Saudi Arabia,SAU,2003,0.050994387,0.269057373
Sierra Leone,SLE,2003,0.162705018,0.167423699
Sudan,SDN,2003,0.388756456,0.576163161
Suriname,SUR,2003,-0.045184304,0.310397554
Syrian Arab Republic,SYR,2003,0.101266141,0.087268473
Tanzania,TZA,2003,0.308611293,0.222716652
Timor Leste,TLS,2003,0.147540984,0.264705882
Trinidad and Tobago ,TTO,2003,0.124554921,0.375518035
Turkmenistan,TKM,2003,0.407838334,0.662219527
United Arab Emirates,ARE,2003,0.064229674,0.190612139
Uzbekistan,UZB,2003,0.17282696,0.243680518
Venezuela,VEN,2003,0.292318741,0.364476289
Vietnam,VNM,2003,0.286983191,0.256671268
Yemen,YEM,2003,0.319925135,0.184298327
Zambia,ZMB,2003,0.245969328,0.19924812
Algeria,DZA,2004,0.118493822,0.137477105
Angola,AGO,2004,0.282716546,0.543907541
Azerbaijan,AZE,2004,0.082433759,0.19665272
Bahrain,BHR,2004,0.056603774,0.135253054
Bolivia,BOL,2004,0.137201434,0.250066988
Botswana,BWA,2004,0.068014254,0.109134704
Brunei Darussalam,BRN,2004,0.250127877,0.247667343
Cameroon,CMR,2004,0.091912274,0.011739575
Chad,TCD,2004,-0.032525136,0.106799806
Chile,CHL,2004,0.070542967,0.198085007
Colombia,COL,2004,0.072555288,0.13042382
"Congo, Republic of",COG,2004,0.084257931,0.215647922
Dem. Rep. of Congo,ZAR,2004,,
Ecuador,ECU,2004,0.13405192,0.183357453
Equatorial Guinea,GNQ,2004,0.90312554,0.641738935
Gabon,GAB,2004,0.065899008,0.042602731
Ghana,GHA,2004,0.362025316,0.39030303
Guinea,GIN,2004,0.049344979,0.078412087
Guyana,GUY,2004,0.071533933,0.183318311
Indonesia,IDN,2004,0.118648063,0.171741829
Iran,IRN,2004,0.181784653,0.322400142
Iraq,IRQ,2004,,
Kazakhstan,KAZ,2004,0.309607551,0.23258344
Kuwait,KWT,2004,0.134444234,0.275261324
Libya,LBY,2004,0.26044905,0.400746358
Malaysia,MYS,2004,0.043898705,0.086628369
Mali,MLI,2004,0.099905095,0.039945725
Mauritania,MRT,2004,,0.089652752
Mexico,MEX,2004,0.080395325,0.135698453
Mongolia,MNG,2004,0.222040331,0.287467864
Myanmar,MMR,2004,0.188642879,0.271197893
Namibia,NAM,2004,0.044712319,0.105305547
Nigeria,NGA,2004,0.029127333,0.476802896
Norway,NOR,2004,0.031723453,0.116147734
Oman,OMN,2004,0.151440074,0.136867089
Papua New Guinea,PNG,2004,0.077407505,0.177674672
Peru,PER,2004,0.077845335,0.110491368
Qatar,QAT,2004,0.431976836,0.814082948
Russia,RUS,2004,0.171670017,0.298789463
Saudi Arabia,SAU,2004,0.173008297,0.368782038
Sierra Leone,SLE,2004,0.157384628,0.319789465
Sudan,SDN,2004,0.623086826,0.546165251
Suriname,SUR,2004,0.403486924,0.250875146
Syrian Arab Republic,SYR,2004,0.132041676,0.069532037
Tanzania,TZA,2004,0.278638978,0.238965773
Timor Leste,TLS,2004,0,3.139534884
Trinidad and Tobago ,TTO,2004,0.251388972,0.248730681
Turkmenistan,TKM,2004,0.212701174,0.091207588
United Arab Emirates,ARE,2004,0.04991208,0.299054427
Uzbekistan,UZB,2004,0.185158503,0.199523497
Venezuela,VEN,2004,0.571663425,0.684308713
Vietnam,VNM,2004,0.112718468,0.247991266
Yemen,YEM,2004,0.147680243,0.220545209
Zambia,ZMB,2004,0.091841565,0.209443574
Algeria,DZA,2005,0.084718589,0.391622746
Angola,AGO,2005,0.457684955,0.780988902
Azerbaijan,AZE,2005,0.286944696,0.373688811
Bahrain,BHR,2005,0.162267081,0.284396618
Bolivia,BOL,2005,0.134902309,0.276941214
Botswana,BWA,2005,0.01432434,0.281211716
Brunei Darussalam,BRN,2005,0.044803601,0.294748821
Cameroon,CMR,2005,-0.039720667,0.236411879
Chad,TCD,2005,0.202412272,0.470304407
Chile,CHL,2005,0.105113775,0.232177923
Colombia,COL,2005,0.075728186,0.129186973
"Congo, Republic of",COG,2005,0.182005455,0.67028694
Dem. Rep. of Congo,ZAR,2005,,
Ecuador,ECU,2005,0.18875502,0.118503119
Equatorial Guinea,GNQ,2005,0.257077398,0.823068421
Gabon,GAB,2005,0.211420287,0.256000371
Ghana,GHA,2005,0.14535316,0.147776809
Guinea,GIN,2005,0.234764198,0.588011365
Guyana,GUY,2005,0.249009366,0.094319447
Indonesia,IDN,2005,0.181488913,0.228107894
Iran,IRN,2005,0.512920545,0.430434896
Iraq,IRQ,2005,-0.045327364,0.657835641
Kazakhstan,KAZ,2005,0.302414597,0.47921031
Kuwait,KWT,2005,0.107494575,0.705322809
Libya,LBY,2005,-0.013757194,0.607640083
Malaysia,MYS,2005,0.04541237,0.062314642
Mali,MLI,2005,0.138728259,0.114067317
Mauritania,MRT,2005,0.111527121,0.085957029
Mexico,MEX,2005,0.121773097,0.124943902
Mongolia,MNG,2005,0.016109505,0.1749302
Myanmar,MMR,2005,0.394363191,0.570686825
Namibia,NAM,2005,0.05613748,0.152472903
Nigeria,NGA,2005,0.339675307,0.295911148
Norway,NOR,2005,0.036315117,0.132566692
Oman,OMN,2005,0.124529317,0.324982603
Papua New Guinea,PNG,2005,0.192888456,0.229895713
Peru,PER,2005,0.129494121,0.166969624
Qatar,QAT,2005,0.406198931,0.195549574
Russia,RUS,2005,0.261822221,0.374940064
Saudi Arabia,SAU,2005,0.10768232,0.399371235
Sierra Leone,SLE,2005,0.21337262,0.245820915
Sudan,SDN,2005,0.491759937,0.336500741
Suriname,SUR,2005,0.181011535,0.185634328
Syrian Arab Republic,SYR,2005,0.06941729,0.041067332
Tanzania,TZA,2005,0.229335979,0.177818598
Timor Leste,TLS,2005,0.342857143,0.202247191
Trinidad and Tobago ,TTO,2005,0.267961999,0.35990349
Turkmenistan,TKM,2005,0.260043042,0.222668004
United Arab Emirates,ARE,2005,0.086340515,0.662765994
Uzbekistan,UZB,2005,0.214443465,0.242181192
Venezuela,VEN,2005,0.502143583,0.564493853
Vietnam,VNM,2005,0.244270246,0.195921818
Yemen,YEM,2005,0.347130776,0.366484516
Zambia,ZMB,2005,0.206821795,0.20962255
Algeria,DZA,2006,0.196073463,0.180763843
Angola,AGO,2006,0.507224624,0.551816836
Azerbaijan,AZE,2006,0.774216273,0.671333121
Bahrain,BHR,2006,0.120908484,0.101735488
Bolivia,BOL,2006,0.07097582,0.320785597
Botswana,BWA,2006,0.119385209,0.202060153
Brunei Darussalam,BRN,2006,0.099079695,0.210949272
Cameroon,CMR,2006,0.068585054,1.797677631
Chad,TCD,2006,0.339141515,0.561784383
Chile,CHL,2006,0.101848142,0.258064864
Colombia,COL,2006,0.240999077,0.198110153
"Congo, Republic of",COG,2006,0.447677252,0.441759653
Dem. Rep. of Congo,ZAR,2006,,
Ecuador,ECU,2006,0.118018018,0.231467308
Equatorial Guinea,GNQ,2006,0.565400837,0.491807127
Gabon,GAB,2006,0.08299072,0.103484342
Ghana,GHA,2006,0.321648815,0.212305355
Guinea,GIN,2006,0.588274664,0.469677839
Guyana,GUY,2006,0.1352657,0.161778682
Indonesia,IDN,2006,0.276735784,0.271562516
Iran,IRN,2006,0.255023859,0.212317501
Iraq,IRQ,2006,0.035097845,0.179458721
Kazakhstan,KAZ,2006,0.20377431,0.315328345
Kuwait,KWT,2006,0.417483044,0.115831949
Libya,LBY,2006,0.250027787,0.215005479
Malaysia,MYS,2006,0.144254926,0.162027222
Mali,MLI,2006,0.117372196,1.893585155
Mauritania,MRT,2006,0.202923308,0.564452353
Mexico,MEX,2006,0.175547622,0.193099559
Mongolia,MNG,2006,0.37971245,0.623676088
Myanmar,MMR,2006,0.543761879,0.488375826
Namibia,NAM,2006,0.106849527,0.259622224
Nigeria,NGA,2006,-0.166127978,0.129411028
Norway,NOR,2006,0.068541292,0.143790038
Oman,OMN,2006,0.176751973,0.211834734
Papua New Guinea,PNG,2006,0.05839118,0.184850198
Peru,PER,2006,0.100427222,0.24352852
Qatar,QAT,2006,0.322624488,0.311323587
Russia,RUS,2006,0.227923166,0.238492025
Saudi Arabia,SAU,2006,0.102150308,0.187938287
Sierra Leone,SLE,2006,0.079762068,0.096816708
Sudan,SDN,2006,0.093046612,0.138281912
Suriname,SUR,2006,0.084898573,0.195908733
Syrian Arab Republic,SYR,2006,0.071107488,0.215745419
Tanzania,TZA,2006,0.172764841,0.153875599
Timor Leste,TLS,2006,0.223404255,2.168224299
Trinidad and Tobago ,TTO,2006,0.356664157,0.409120778
Turkmenistan,TKM,2006,-0.053230857,0.229149576
United Arab Emirates,ARE,2006,0.220662447,0.39837882
Uzbekistan,UZB,2006,0.28166433,0.457119324
Venezuela,VEN,2006,0.517060445,0.296705794
Vietnam,VNM,2006,0.156289166,0.224206302
Yemen,YEM,2006,0.191007503,0.29286945
Zambia,ZMB,2006,0.083952096,1.253247623
Algeria,DZA,2007,0.26884717,0.013170655
Angola,AGO,2007,0.481614123,0.260933478
Azerbaijan,AZE,2007,0.460393091,0.524271845
Bahrain,BHR,2007,0.137067938,0.107007061
Bolivia,BOL,2007,0.228810463,0.125663267
Botswana,BWA,2007,0.257637939,0.035723325
Brunei Darussalam,BRN,2007,0.068590771,-0.31231854
Cameroon,CMR,2007,0.118857104,-0.553634064
Chad,TCD,2007,0.307986649,0.295198162
Chile,CHL,2007,0.140743396,0.149953986
Colombia,COL,2007,0.11297731,0.118568799
"Congo, Republic of",COG,2007,0.069839981,-0.120685412
Dem. Rep. of Congo,ZAR,2007,,
Ecuador,ECU,2007,0.264504432,0.194264406
Equatorial Guinea,GNQ,2007,0.292620996,0.097348994
Gabon,GAB,2007,0.030040735,0.034075543
Ghana,GHA,2007,0.30132613,0.269423559
Guinea,GIN,2007,-0.203457535,0.092812011
Guyana,GUY,2007,0.040157873,0.147396679
Indonesia,IDN,2007,0.198171918,0.115119281
Iran,IRN,2007,0.093297397,0.355115298
Iraq,IRQ,2007,0.068548627,0.030688413
Kazakhstan,KAZ,2007,0.506256552,0.321633986
Kuwait,KWT,2007,0.042955875,0.169378856
Libya,LBY,2007,0.277152892,0.167938931
Malaysia,MYS,2007,0.128583492,0.131635574
Mali,MLI,2007,0.05355757,-0.59400267
Mauritania,MRT,2007,0.104782335,-0.072908956
Mexico,MEX,2007,0.10351259,0.095405973
Mongolia,MNG,2007,0.658603843,0.382295778
Myanmar,MMR,2007,0.310538658,0.328426094
Namibia,NAM,2007,0.114875744,0.237796461
Nigeria,NGA,2007,0.681272068,-0.07046535
Norway,NOR,2007,0.064370797,0.043847529
Oman,OMN,2007,0.159756098,0.105749783
Papua New Guinea,PNG,2007,0.027199074,0.114503817
Peru,PER,2007,0.083424468,0.15611557
Qatar,QAT,2007,0.284480319,0.371598961
Russia,RUS,2007,0.358599193,0.258093217
Saudi Arabia,SAU,2007,0.189355963,-0.041232365
Sierra Leone,SLE,2007,-0.101358546,1.52825596
Sudan,SDN,2007,0.268403416,0.159933528
Suriname,SUR,2007,0.186980609,0.244078947
Syrian Arab Republic,SYR,2007,0.142524382,0.054618258
Tanzania,TZA,2007,0.163809253,0.323959969
Timor Leste,TLS,2007,1.182608696,1.008849558
Trinidad and Tobago ,TTO,2007,0.081314351,0.02051856
Turkmenistan,TKM,2007,0.091100421,0.042046719
United Arab Emirates,ARE,2007,0.311818004,0.119551607
Uzbekistan,UZB,2007,0.422553847,0.404821883
Venezuela,VEN,2007,0.149481837,0.104596926
Vietnam,VNM,2007,0.266300588,0.16447408
Yemen,YEM,2007,0.237306399,-0.01425281
Zambia,ZMB,2007,0.238426693,-0.368439822
Algeria,DZA,2008,0.345644622,0.407491357
Angola,AGO,2008,0.83293798,0.514291349
Azerbaijan,AZE,2008,0.608075041,1.426127139
Bahrain,BHR,2008,0.198113208,0.323846909
Bolivia,BOL,2008,0.267875725,0.325307666
Botswana,BWA,2008,0.416082507,0.031803107
Brunei Darussalam,BRN,2008,0.024674892,1.157117008
Cameroon,CMR,2008,0.296186735,0.115138231
Chad,TCD,2008,0.232786076,0.280378503
Chile,CHL,2008,0.163078438,-0.017701806
Colombia,COL,2008,0.058530283,0.081163469
"Congo, Republic of",COG,2008,0.04505417,0.581293387
Dem. Rep. of Congo,ZAR,2008,,
Ecuador,ECU,2008,0.733471404,0.640175452
Equatorial Guinea,GNQ,2008,0.426313822,0.321963019
Gabon,GAB,2008,0.137334938,0.269862676
Ghana,GHA,2008,0.389130025,0.18780849
Guinea,GIN,2008,0.413029906,0.279167191
Guyana,GUY,2008,0.053855078,0.058753238
Indonesia,IDN,2008,0.304827033,0.378163956
Iran,IRN,2008,0.342082579,0.027876984
Iraq,IRQ,2008,0.748898347,0.472643853
Kazakhstan,KAZ,2008,0.426566144,0.225727734
Kuwait,KWT,2008,0.632072586,0.091181955
Libya,LBY,2008,0.515438438,0.37305758
Malaysia,MYS,2008,0.203324447,0.167017427
Mali,MLI,2008,-0.012765957,0.015400121
Mauritania,MRT,2008,0.112238109,-0.00418188
Mexico,MEX,2008,0.196062872,0.21135169
Mongolia,MNG,2008,0.409826022,0.154151925
Myanmar,MMR,2008,0.065710143,0.11401191
Namibia,NAM,2008,0.235087279,0.153335361
Nigeria,NGA,2008,-0.056619235,0.400076757
Norway,NOR,2008,0.093991034,0.127360304
Oman,OMN,2008,0.203470032,0.411157565
Papua New Guinea,PNG,2008,0.22028169,0.004708904
Peru,PER,2008,0.170808028,0.128205859
Qatar,QAT,2008,0.15894677,0.199529321
Russia,RUS,2008,0.244182445,0.209513922
Saudi Arabia,SAU,2008,0.147497241,0.623843235
Sierra Leone,SLE,2008,0.446403734,-0.554586945
Sudan,SDN,2008,0.139125618,0.352534335
Suriname,SUR,2008,0.257876313,0.222104707
Syrian Arab Republic,SYR,2008,0.080649167,0.070002549
Tanzania,TZA,2008,0.250935992,0.217865833
Timor Leste,TLS,2008,1.270916335,0.880323054
Trinidad and Tobago ,TTO,2008,0.311064343,0.471120453
Turkmenistan,TKM,2008,0.481124277,1.203885568
United Arab Emirates,ARE,2008,0.52076257,0.302976544
Uzbekistan,UZB,2008,0.343789471,0.531094636
Venezuela,VEN,2008,0.329229541,0.29907004
Vietnam,VNM,2008,0.24805167,0.319830911
Yemen,YEM,2008,0.275438421,0.381193506
Zambia,ZMB,2008,0.164599875,0.186335404
Algeria,DZA,2009,0.007228928,-0.291787084
Angola,AGO,2009,-0.28255262,-0.356712945
Azerbaijan,AZE,2009,0.016823062,-0.260372696
Bahrain,BHR,2009,-0.032808399,-0.35915493
Bolivia,BOL,2009,0.022441083,-0.071007177
Botswana,BWA,2009,0.123470839,-0.017999729
Brunei Darussalam,BRN,2009,-0.017572405,-0.536138683
Cameroon,CMR,2009,-0.025096517,-0.130148395
Chad,TCD,2009,0.209703926,-0.37173844
Chile,CHL,2009,0.168565458,-0.180774872
Colombia,COL,2009,0.164931549,0.064778351
"Congo, Republic of",COG,2009,-0.110176734,-0.465508943
Dem. Rep. of Congo,ZAR,2009,,
Ecuador,ECU,2009,-0.052936311,-0.166983954
Equatorial Guinea,GNQ,2009,0.607157493,-0.224032419
Gabon,GAB,2009,-0.013598135,-0.189096057
Ghana,GHA,2009,0.165874202,0.250155828
Guinea,GIN,2009,0.621423678,0.092697064
Guyana,GUY,2009,0.110689898,0.127564328
Indonesia,IDN,2009,-0.02536215,-0.121925857
Iran,IRN,2009,-0.022469843,-0.010514107
Iraq,IRQ,2009,-0.144417138,-0.318760973
Kazakhstan,KAZ,2009,-0.081360529,-0.170927007
Kuwait,KWT,2009,-0.196202136,-0.118071184
Libya,LBY,2009,0.055427941,-0.426780252
Malaysia,MYS,2009,0.062356924,-0.036937436
Mali,MLI,2009,0.32545156,0.239293324
Mauritania,MRT,2009,-0.072259592,-0.029904523
Mexico,MEX,2009,0.032895695,-0.127740393
Mongolia,MNG,2009,-0.052758785,-0.081264485
Myanmar,MMR,2009,0.22720366,0.017043477
Namibia,NAM,2009,0.218912049,0.049268228
Nigeria,NGA,2009,0.216739448,-0.430862337
Norway,NOR,2009,0.078657366,-0.100437954
Oman,OMN,2009,0.036260376,-0.346541987
Papua New Guinea,PNG,2009,0.2677747,-0.134071865
Peru,PER,2009,0.123243383,-0.088351993
Qatar,QAT,2009,0.226775246,0.263406523
Russia,RUS,2009,0.133595069,-0.158906875
Saudi Arabia,SAU,2009,0.141301711,-0.509563016
Sierra Leone,SLE,2009,0.202615354,0.326427389
Sudan,SDN,2009,-0.057419669,-0.306523486
Suriname,SUR,2009,0.365955473,0.165296408
Syrian Arab Republic,SYR,2009,0.200866874,0.223898372
Tanzania,TZA,2009,0.255235447,0.09115601
Timor Leste,TLS,2009,0.059649123,-0.311597032
Trinidad and Tobago ,TTO,2009,0.051954662,-0.355205939
Turkmenistan,TKM,2009,0.436837209,0.139978688
United Arab Emirates,ARE,2009,0.281418595,-0.412563071
Uzbekistan,UZB,2009,0.4453129,0.172708003
Venezuela,VEN,2009,-0.004391959,-0.183283307
Vietnam,VNM,2009,0.307238624,0.077655679
Yemen,YEM,2009,-0.190430083,-0.354224879
Zambia,ZMB,2009,0.055078903,-0.033634777
Algeria,DZA,2010,0.051859566,0.195122389
Angola,AGO,2010,0.208680434,0.592229529
Azerbaijan,AZE,2010,0.118224144,0.34924833
Bahrain,BHR,2010,0.248303935,0.270098323
Bolivia,BOL,2010,-0.003944773,0.048327564
Botswana,BWA,2010,-0.027171436,0.075558159
Brunei Darussalam,BRN,2010,0.119907254,0.232670283
Cameroon,CMR,2010,0.070246821,0.007327896
Chad,TCD,2010,0.218122741,0.631815829
Chile,CHL,2010,0.113535956,0.31394478
Colombia,COL,2010,0.075161569,0.054328877
"Congo, Republic of",COG,2010,0.14110531,0.671610123
Dem. Rep. of Congo,ZAR,2010,,
Ecuador,ECU,2010,0.170451237,0.261617151
Equatorial Guinea,GNQ,2010,-0.109873239,-0.091701023
Gabon,GAB,2010,0.266345908,0.0883238
Ghana,GHA,2010,0.399207644,0.278710321
Guinea,GIN,2010,0.536014503,0.162512389
Guyana,GUY,2010,0.048424598,0.073044151
Indonesia,IDN,2010,0.132462393,0.161293499
Iran,IRN,2010,0.132493323,0.245509285
Iraq,IRQ,2010,0.044509225,0.219465744
Kazakhstan,KAZ,2010,0.228215656,0.387020889
Kuwait,KWT,2010,0.150606155,0.105099003
Libya,LBY,2010,0.100224171,0.471880534
Malaysia,MYS,2010,-0.039021345,0.009964958
Mali,MLI,2010,-0.023856978,0.018359276
Mauritania,MRT,2010,0.179939644,0.320353367
Mexico,MEX,2010,0.087103693,0.125000984
Mongolia,MNG,2010,0.318430817,0.565796521
Myanmar,MMR,2010,0.230463324,0.216879254
Namibia,NAM,2010,0.1414331,-0.014073888
Nigeria,NGA,2010,0.348646696,0.539806658
Norway,NOR,2010,0.043604186,0.059016216
Oman,OMN,2010,0.07405846,0.258005101
Papua New Guinea,PNG,2010,-0.096746783,0.354928653
Peru,PER,2010,0.120569009,0.214648075
Qatar,QAT,2010,0.1726306,-0.042566782
Russia,RUS,2010,0.097724773,0.178842826
Saudi Arabia,SAU,2010,0.116494218,0.420879791
Sierra Leone,SLE,2010,0.428255402,0.240656377
Sudan,SDN,2010,0.143543138,0.540345518
Suriname,SUR,2010,0.04991511,0.011882659
Syrian Arab Republic,SYR,2010,0.186068695,-0.031872053
Tanzania,TZA,2010,0.166370856,0.146429076
Timor Leste,TLS,2010,0.258278146,0.373794668
Trinidad and Tobago ,TTO,2010,-0.079014459,0.072741287
Turkmenistan,TKM,2010,0.149553282,-0.135791978
United Arab Emirates,ARE,2010,0.052590717,0.272949418
Uzbekistan,UZB,2010,0.190353023,0.269617681
Venezuela,VEN,2010,0.364644735,0.240708575
Vietnam,VNM,2010,0.132743912,0.270818935
Yemen,YEM,2010,0.141909251,0.392136972
Zambia,ZMB,2010,0.275176069,0.247578394
Algeria,DZA,2011,0.318395154,0.317932081
Angola,AGO,2011,0.294500113,0.449298587
Azerbaijan,AZE,2011,0.291301115,0.201485608
Bahrain,BHR,2011,0.088043478,0.294626594
Bolivia,BOL,2011,0.353281142,0.315524745
Botswana,BWA,2011,0.006533566,0.233686773
Brunei Darussalam,BRN,2011,0.023661639,0.567114914
Cameroon,CMR,2011,0.24633057,0.159849199
Chad,TCD,2011,-0.003123785,0.330190365
Chile,CHL,2011,0.064011535,0.145929331
Colombia,COL,2011,0.111434104,0.165133429
"Congo, Republic of",COG,2011,0.39175941,0.297059878
Dem. Rep. of Congo,ZAR,2011,,
Ecuador,ECU,2011,0.2931642,0.345208315
Equatorial Guinea,GNQ,2011,0.099395952,0.324555739
Gabon,GAB,2011,0.385561458,0.355606289
Ghana,GHA,2011,0.317954697,0.487002859
Guinea,GIN,2011,-0.099663316,0.602780146
Guyana,GUY,2011,0.134796639,0.123492016
Indonesia,IDN,2011,0.193134726,0.24439531
Iran,IRN,2011,0.296710974,0.146766525
Iraq,IRQ,2011,0.173116845,0.421255744
Kazakhstan,KAZ,2011,0.223226908,0.462351297
Kuwait,KWT,2011,0.122450358,0.326747915
Libya,LBY,2011,-0.537782877,-0.729871228
Malaysia,MYS,2011,0.130092085,0.179052369
Mali,MLI,2011,0.174283923,0.121595585
Mauritania,MRT,2011,0.204334492,0.236871334
Mexico,MEX,2011,0.098998478,0.144767563
Mongolia,MNG,2011,0.622054835,0.431132358
Myanmar,MMR,2011,0.072276463,0.142695144
Namibia,NAM,2011,0.263346366,0.201546436
Nigeria,NGA,2011,0.195224053,0.63956461
Norway,NOR,2011,0.051294398,0.101317752
Oman,OMN,2011,0.34489075,0.434170515
Papua New Guinea,PNG,2011,0.177798683,0.123350684
Peru,PER,2011,0.06349605,0.182946869
Qatar,QAT,2011,0.261323412,0.415720062
Russia,RUS,2011,0.134985266,0.300864462
Saudi Arabia,SAU,2011,0.239468644,0.451663287
Sierra Leone,SLE,2011,0.327027569,0.390850634
Sudan,SDN,2011,0.109803922,0.106411352
Suriname,SUR,2011,0.222186287,0.413944954
Syrian Arab Republic,SYR,2011,,
Tanzania,TZA,2011,0.138172456,0.211601838
Timor Leste,TLS,2011,0.453947368,0.473162675
Trinidad and Tobago ,TTO,2011,0.043118951,0.156948155
Turkmenistan,TKM,2011,0.371930615,0.496361849
United Arab Emirates,ARE,2011,0.170305499,0.324602959
Uzbekistan,UZB,2011,0.232073646,0.368625248
Venezuela,VEN,2011,0.668718955,0.754457125
Vietnam,VNM,2011,0.156220907,0.222987791
Yemen,YEM,2011,0.018547653,-0.001055559
Zambia,ZMB,2011,0.267835791,0.331293591
Algeria,DZA,2012,0.205807586,0.104545685
Angola,AGO,2012,0.158169718,0.058133446
Azerbaijan,AZE,2012,0.138991248,-0.062682466
Bahrain,BHR,2012,0.138195138,0.073865635
Bolivia,BOL,2012,0.147584775,0.175779237
Botswana,BWA,2012,0.053480914,0.081455131
Brunei Darussalam,BRN,2012,0.065732447,-0.145955223
Cameroon,CMR,2012,0.02509265,0.078065289
Chad,TCD,2012,0.177220127,0.084628792
Chile,CHL,2012,0.085786132,0.053461407
Colombia,COL,2012,0.054745209,0.1365292
"Congo, Republic of",COG,2012,0.423523445,0.028265377
Dem. Rep. of Congo,ZAR,2012,,
Ecuador,ECU,2012,0.134604905,0.108368067
Equatorial Guinea,GNQ,2012,0.454091733,0.121333311
Gabon,GAB,2012,0.097839416,0.061100014
Ghana,GHA,2012,0.460255276,0.217987938
Guinea,GIN,2012,0.427113662,0.325681137
Guyana,GUY,2012,0.136103977,0.072283272
Indonesia,IDN,2012,0.173451699,0.112163377
Iran,IRN,2012,-0.126525096,-0.156109633
Iraq,IRQ,2012,0.15689845,0.142356238
Kazakhstan,KAZ,2012,0.133222258,0.069646336
Kuwait,KWT,2012,0.111318371,0.153870947
Libya,LBY,2012,0.967730891,3.49705068
Malaysia,MYS,2012,0.116669395,0.118346759
Mali,MLI,2012,-0.215973903,-0.117906206
Mauritania,MRT,2012,0.327139382,0.436787178
Mexico,MEX,2012,0.09620086,0.083421369
Mongolia,MNG,2012,0.299350015,0.113605937
Myanmar,MMR,2012,0.658606425,1.144441767
Namibia,NAM,2012,0.083126048,0.271267944
Nigeria,NGA,2012,-0.073666871,-0.077900196
Norway,NOR,2012,0.043012275,0.054131907
Oman,OMN,2012,0.263060609,0.12706141
Papua New Guinea,PNG,2012,0.184732999,0.008405172
Peru,PER,2012,0.10893321,0.089134126
Qatar,QAT,2012,0.196634541,0.288157077
Russia,RUS,2012,0.159046235,0.123696547
Saudi Arabia,SAU,2012,0.096142719,0.159007323
Sierra Leone,SLE,2012,0.220177969,0.15446717
Sudan,SDN,2012,-0.069983427,-0.311864512
Suriname,SUR,2012,0.260386346,0.071892032
Syrian Arab Republic,SYR,2012,,
Tanzania,TZA,2012,0.203109434,0.170567531
Timor Leste,TLS,2012,0.128506787,0.147141256
Trinidad and Tobago ,TTO,2012,0.03157385,0.025481786
Turkmenistan,TKM,2012,0.206486043,0.382967538
United Arab Emirates,ARE,2012,-0.001337718,0.140370992
Uzbekistan,UZB,2012,0.308177013,0.281801356
Venezuela,VEN,2012,0.22125509,0.01676729
Vietnam,VNM,2012,0.274179771,0.019520352
Yemen,YEM,2012,0.316025624,0.279852889
Zambia,ZMB,2012,0.288229218,0.212919488
Algeria,DZA,2013,-0.136869555,-0.068472927
Angola,AGO,2013,0.074729718,-0.040617135
Azerbaijan,AZE,2013,0.108684663,0.042277391
Bahrain,BHR,2013,0.031889994,-0.019652801
Bolivia,BOL,2013,0.207140421,0.170594806
Botswana,BWA,2013,0.024401021,0.167927201
Brunei Darussalam,BRN,2013,0.030500203,-0.04649251
Cameroon,CMR,2013,0.211692658,0.081125346
Chad,TCD,2013,-0.032105447,-0.136860897
Chile,CHL,2013,0.061550327,0.011243939
Colombia,COL,2013,0.100025746,0.061349067
"Congo, Republic of",COG,2013,0.011560236,0.049364877
Dem. Rep. of Congo,ZAR,2013,,
Ecuador,ECU,2013,0.175538227,0.077813133
Equatorial Guinea,GNQ,2013,-0.18556465,-0.163309033
Gabon,GAB,2013,-0.011927582,-0.006177571
Ghana,GHA,2013,0.12310688,0.121636168
Guinea,GIN,2013,0.042860527,-0.055569281
Guyana,GUY,2013,0.01035401,0.023008101
Indonesia,IDN,2013,0.123048557,0.098393949
Iran,IRN,2013,0.361683358,0.306143705
Iraq,IRQ,2013,0.203602585,-0.033752975
Kazakhstan,KAZ,2013,0.049273152,0.090696536
Kuwait,KWT,2013,0.013319617,0.008882682
Libya,LBY,2013,0.264365566,-0.267044998
Malaysia,MYS,2013,0.033457276,0.009073828
Mali,MLI,2013,0.325017155,0.243291789
Mauritania,MRT,2013,0.01578301,-0.092240089
Mexico,MEX,2013,0.051786703,0.048758506
Mongolia,MNG,2013,0.18415196,0.202519267
Myanmar,MMR,2013,0.154397083,0.137447986
Namibia,NAM,2013,0.210211493,0.100934527
Nigeria,NGA,2013,0.061974479,-0.140805281
Norway,NOR,2013,0.061820243,0.008800716
Oman,OMN,2013,0.046599399,0.013656633
Papua New Guinea,PNG,2013,0.203890976,0.040820688
Peru,PER,2013,0.140650107,0.078668603
Qatar,QAT,2013,0.079410789,0.220836645
Russia,RUS,2013,0.091314639,0.042994516
Saudi Arabia,SAU,2013,0.084093899,-0.057360272
Sierra Leone,SLE,2013,-0.00618668,0.1282949
Sudan,SDN,2013,0.394001547,0.54095931
Suriname,SUR,2013,0.098887256,-0.011622276
Syrian Arab Republic,SYR,2013,,
Tanzania,TZA,2013,0.131384468,0.139948499
Timor Leste,TLS,2013,-0.133119487,-0.008551185
Trinidad and Tobago ,TTO,2013,0.140061966,0.083724451
Turkmenistan,TKM,2013,0.282749234,-0.031692483
United Arab Emirates,ARE,2013,0.08380291,0.056914663
Uzbekistan,UZB,2013,0.251912184,0.082860456
Venezuela,VEN,2013,0.280502453,0.342507296
Vietnam,VNM,2013,0.08108956,0.11931076
Yemen,YEM,2013,-0.02656916,-0.085032
Zambia,ZMB,2013,0.265922956,0.085326596
Algeria,DZA,2014,0.116094157,-0.038034452
Angola,AGO,2014,-0.042198182,-0.108431171
Azerbaijan,AZE,2014,0.016961517,-0.008349813
Bahrain,BHR,2014,0.09016161,0.040093552
Bolivia,BOL,2014,0.210837898,0.098061477
Botswana,BWA,2014,0.228444764,0.065477047
Brunei Darussalam,BRN,2014,-0.034069982,-0.038701025
Cameroon,CMR,2014,0.10825975,0.046126967
Chad,TCD,2014,0.038004488,-0.075824566
Chile,CHL,2014,0.098098482,0.054935053
Colombia,COL,2014,0.103687638,0.086923445
"Congo, Republic of",COG,2014,0.069860279,-0.082973068
Dem. Rep. of Congo,ZAR,2014,,
Ecuador,ECU,2014,0.064989064,0.049624262
Equatorial Guinea,GNQ,2014,-0.089981961,-0.101400494
Gabon,GAB,2014,-0.141630717,-0.09613223
Ghana,GHA,2014,0.230475824,0.335508637
Guinea,GIN,2014,0.295402312,0.398788144
Guyana,GUY,2014,0.179720284,0.163057098
Indonesia,IDN,2014,0.085784409,0.07295367
Iran,IRN,2014,0.180774428,0.147034897
Iraq,IRQ,2014,-0.146337096,-0.09558209
Kazakhstan,KAZ,2014,0.218139827,0.057065963
Kuwait,KWT,2014,0.177771841,-0.046043524
Libya,LBY,2014,-0.240052982,-0.609309375
Malaysia,MYS,2014,0.031540383,0.054507525
Mali,MLI,2014,0.20745764,0.168601494
Mauritania,MRT,2014,0.09699548,0.003179838
Mexico,MEX,2014,0.058462833,0.023900309
Mongolia,MNG,2014,0.107937156,0.023064687
Myanmar,MMR,2014,0.316356706,0.219603951
Namibia,NAM,2014,0.243358341,0.230856681
Nigeria,NGA,2014,0.002323891,-0.016342642
Norway,NOR,2014,0.065362156,0.014778617
Oman,OMN,2014,0.074035914,-0.028526258
Papua New Guinea,PNG,2014,0.19536,0.284702259
Peru,PER,2014,0.100631386,0.05936643
Qatar,QAT,2014,0.044768665,-0.085089564
Russia,RUS,2014,0.076115967,0.078893662
Saudi Arabia,SAU,2014,0.138215026,-0.084638878
Sierra Leone,SLE,2014,0.152330552,0.101777983
Sudan,SDN,2014,0.297764056,0.440150389
Suriname,SUR,2014,-0.080053496,-0.034786869
Syrian Arab Republic,SYR,2014,,
Tanzania,TZA,2014,0.131262004,0.137559374
Timor Leste,TLS,2014,0.205365402,-0.400197141
Trinidad and Tobago ,TTO,2014,0.05863557,-0.004121263
Turkmenistan,TKM,2014,0.119310345,0.088816919
United Arab Emirates,ARE,2014,0.029660129,-0.078477446
Uzbekistan,UZB,2014,0.225068255,0.185139004
Venezuela,VEN,2014,0.636463122,0.754833777
Vietnam,VNM,2014,0.025327026,0.030231901
Yemen,YEM,2014,-0.035178991,0.058145966
Zambia,ZMB,2014,0.118662738,0.180626995
Algeria,DZA,2015,0.056869416,-0.115365435
Angola,AGO,2015,-0.228133222,-0.292636486
Azerbaijan,AZE,2015,-0.004931851,-0.175758919
Bahrain,BHR,2015,0.033029909,-0.097976229
Bolivia,BOL,2015,-0.040361519,-0.077237829
Botswana,BWA,2015,0.056375944,0.065582311
Brunei Darussalam,BRN,2015,-0.021789459,-0.521474838
Cameroon,CMR,2015,0.056527012,-0.001778697
Chad,TCD,2015,-0.192734135,-0.195888491
Chile,CHL,2015,0.113605182,0.08564182
Colombia,COL,2015,0.031458667,-0.035488431
"Congo, Republic of",COG,2015,0.005510682,-0.181123411
Dem. Rep. of Congo,ZAR,2015,,
Ecuador,ECU,2015,-0.088465618,-0.108900765
Equatorial Guinea,GNQ,2015,-0.065649481,-0.255105138
Gabon,GAB,2015,-0.035506556,-0.203850945
Ghana,GHA,2015,0.066036259,0.226789307
Guinea,GIN,2015,0.203015104,-0.018614301
Guyana,GUY,2015,0.051347876,0.070453961
Indonesia,IDN,2015,0.04245025,0.024846436
Iran,IRN,2015,0.160874721,0.074753646
Iraq,IRQ,2015,-0.078709448,-0.205314611
Kazakhstan,KAZ,2015,0.045714051,-0.16593817
Kuwait,KWT,2015,-0.038744216,-0.316760993
Libya,LBY,2015,0.014441577,-0.398457584
Malaysia,MYS,2015,0.006164165,0.006769392
Mali,MLI,2015,0.067185573,0.034739873
Mauritania,MRT,2015,-0.002623647,0.078027014
Mexico,MEX,2015,-0.012549081,-0.004042578
Mongolia,MNG,2015,0.005166069,0.010555383
Myanmar,MMR,2015,0.233985053,0.151643734
Namibia,NAM,2015,0.1050063,0.116807947
Nigeria,NGA,2015,-0.062667116,-0.063087396
Norway,NOR,2015,0.034202579,0.004485359
Oman,OMN,2015,-0.07167329,-0.294700347
Papua New Guinea,PNG,2015,0.048454022,0.044353872
Peru,PER,2015,0.068013941,-0.007045638
Qatar,QAT,2015,0.020955307,-0.179356788
Russia,RUS,2015,0.066819969,-0.004568
Saudi Arabia,SAU,2015,0.01191549,-0.267050206
Sierra Leone,SLE,2015,0.112588075,0.020308329
Sudan,SDN,2015,0.179540555,0.125311153
Suriname,SUR,2015,-0.005815161,-0.050761421
Syrian Arab Republic,SYR,2015,,
Tanzania,TZA,2015,0.165117399,0.151028767
Timor Leste,TLS,2015,0.044512663,-0.283073131
Trinidad and Tobago ,TTO,2015,-0.018265551,-0.019043277
Turkmenistan,TKM,2015,0.111521873,0.017756546
United Arab Emirates,ARE,2015,0.004325221,-0.235771872
Uzbekistan,UZB,2015,0.197135514,0.13991206
Venezuela,VEN,2015,0.441309559,0.15963869
Vietnam,VNM,2015,0.130164928,0.077446367
Yemen,YEM,2015,-0.149746958,-0.228227955
Zambia,ZMB,2015,0.076781055,0.083349234